,Airline_Names,Departure_time,Arrival_time,Flight_Duration,Source_Place,Destination_Place,Number_Of_Stops,Flight_Prices
0,Go First,02:00,04:15,02 h 15 m,New Delhi,Mumbai,Non stop," 5,954"
1,Go First,08:00,10:10,02 h 10 m,New Delhi,Mumbai,Non stop," 5,954"
2,Go First,10:30,12:50,02 h 20 m,New Delhi,Mumbai,Non stop," 5,954"
3,Go First,12:45,15:00,02 h 15 m,New Delhi,Mumbai,Non stop," 5,954"
4,Go First,14:20,16:35,02 h 15 m,New Delhi,Mumbai,Non stop," 5,954"
5,Go First,18:05,20:25,02 h 20 m,New Delhi,Mumbai,Non stop," 5,954"
6,Go First,19:40,21:55,02 h 15 m,New Delhi,Mumbai,Non stop," 5,954"
7,Go First,21:00,23:15,02 h 15 m,New Delhi,Mumbai,Non stop," 5,954"
8,Go First,22:30,00:40,02 h 10 m,New Delhi,Mumbai,Non stop," 5,954"
9,Go First,06:05,12:30,06 h 25 m,New Delhi,Mumbai,1 stop via Bengaluru," 5,954"
10,,,,,,,,
11,,,,,,,,
12,,,,,,,,
13,,,,,,,,
14,,,,,,,,
15,,,,,,,,
16,,,,,,,,
17,,,,,,,,
18,,,,,,,,
19,,,,,,,,
20,,,,,,,,
21,,,,,,,,
22,,,,,,,,
23,,,,,,,,
24,,,,,,,,
25,Spicejet,06:20,08:40,02 h 20 m,New Delhi,Mumbai,Non stop," 5,955"
26,Air India,07:00,09:05,02 h 05 m,New Delhi,Mumbai,Non stop," 5,955"
27,Air India,08:00,10:10,02 h 10 m,New Delhi,Mumbai,Non stop," 5,955"
28,IndiGo,08:45,11:05,02 h 20 m,New Delhi,Mumbai,Non stop," 5,955"
29,Air India,09:00,11:15,02 h 15 m,New Delhi,Mumbai,Non stop," 5,955"
30,IndiGo,14:20,16:35,02 h 15 m,New Delhi,Mumbai,Non stop," 5,955"
31,IndiGo,17:15,19:25,02 h 10 m,New Delhi,Mumbai,Non stop," 5,955"
32,Air India,18:00,20:00,02 h,New Delhi,Mumbai,Non stop," 5,955"
33,IndiGo,18:40,20:50,02 h 10 m,New Delhi,Mumbai,Non stop," 5,955"
34,Air India,19:00,21:15,02 h 15 m,New Delhi,Mumbai,Non stop," 5,955"
35,Air India,20:00,22:10,02 h 10 m,New Delhi,Mumbai,Non stop," 5,955"
36,Spicejet,20:30,22:50,02 h 20 m,New Delhi,Mumbai,Non stop," 5,955"
37,IndiGo,21:15,23:30,02 h 15 m,New Delhi,Mumbai,Non stop," 5,955"
38,Spicejet,07:45,12:00,04 h 15 m,New Delhi,Mumbai,1 stop via Jabalpur," 5,955"
39,,,,,,,,
40,,,,,,,,
41,,,,,,,,
42,,,,,,,,
43,,,,,,,,
44,,,,,,,,
45,,,,,,,,
46,Vistara,05:45,07:55,02 h 10 m,New Delhi,Mumbai,Non stop," 5,956"
47,Vistara,07:30,09:45,02 h 15 m,New Delhi,Mumbai,Non stop," 5,956"
48,Vistara,09:30,11:35,02 h 05 m,New Delhi,Mumbai,Non stop," 5,956"
49,Vistara,12:50,15:00,02 h 10 m,New Delhi,Mumbai,Non stop," 5,956"
50,Vistara,14:20,16:30,02 h 10 m,New Delhi,Mumbai,Non stop," 5,956"
51,Vistara,15:30,17:40,02 h 10 m,New Delhi,Mumbai,Non stop," 5,956"
52,Vistara,16:45,19:05,02 h 20 m,New Delhi,Mumbai,Non stop," 5,956"
53,Vistara,17:45,20:05,02 h 20 m,New Delhi,Mumbai,Non stop," 5,956"
54,Vistara,19:50,22:00,02 h 10 m,New Delhi,Mumbai,Non stop," 5,956"
55,Vistara,21:40,23:50,02 h 10 m,New Delhi,Mumbai,Non stop," 5,956"
56,Air India,13:15,17:50,04 h 35 m,New Delhi,Mumbai,1 stop via Udaipur," 8,160"
57,,,,,,,,
58,,,,,,,,
59,,,,,,,,
60,,,,,,,,
61,,,,,,,,
62,Go First,02:00,04:15,02 h 15 m,New Delhi,Mumbai,Non stop," 5,954"
63,Go First,08:00,10:10,02 h 10 m,New Delhi,Mumbai,Non stop," 5,954"
64,Go First,10:20,12:40,02 h 20 m,New Delhi,Mumbai,Non stop," 5,954"
65,Go First,12:45,15:00,02 h 15 m,New Delhi,Mumbai,Non stop," 5,954"
66,Go First,14:20,16:35,02 h 15 m,New Delhi,Mumbai,Non stop," 5,954"
67,Go First,18:05,20:25,02 h 20 m,New Delhi,Mumbai,Non stop," 5,954"
68,Go First,19:40,21:55,02 h 15 m,New Delhi,Mumbai,Non stop," 5,954"
69,Go First,21:00,23:15,02 h 15 m,New Delhi,Mumbai,Non stop," 5,954"
70,Go First,06:05,12:30,06 h 25 m,New Delhi,Mumbai,1 stop via Bengaluru," 5,954"
71,,,,,,,,
72,,,,,,,,
73,,,,,,,,
74,,,,,,,,
75,,,,,,,,
76,,,,,,,,
77,,,,,,,,
78,,,,,,,,
79,,,,,,,,
80,,,,,,,,
81,,,,,,,,
82,IndiGo,06:30,08:40,02 h 10 m,New Delhi,Mumbai,Non stop," 5,955"
83,Air India,07:00,09:05,02 h 05 m,New Delhi,Mumbai,Non stop," 5,955"
84,IndiGo,07:15,09:25,02 h 10 m,New Delhi,Mumbai,Non stop," 5,955"
85,Air India,08:00,10:10,02 h 10 m,New Delhi,Mumbai,Non stop," 5,955"
86,IndiGo,08:45,11:05,02 h 20 m,New Delhi,Mumbai,Non stop," 5,955"
87,Air India,09:00,11:15,02 h 15 m,New Delhi,Mumbai,Non stop," 5,955"
88,IndiGo,09:30,12:00,02 h 30 m,New Delhi,Mumbai,Non stop," 5,955"
89,IndiGo,14:20,16:35,02 h 15 m,New Delhi,Mumbai,Non stop," 5,955"
90,IndiGo,17:15,19:25,02 h 10 m,New Delhi,Mumbai,Non stop," 5,955"
91,Air India,18:00,20:00,02 h,New Delhi,Mumbai,Non stop," 5,955"
92,IndiGo,18:40,20:50,02 h 10 m,New Delhi,Mumbai,Non stop," 5,955"
93,Air India,19:00,21:15,02 h 15 m,New Delhi,Mumbai,Non stop," 5,955"
94,Air India,20:00,22:10,02 h 10 m,New Delhi,Mumbai,Non stop," 5,955"
95,IndiGo,21:15,23:30,02 h 15 m,New Delhi,Mumbai,Non stop," 5,955"
96,IndiGo,07:20,12:25,05 h 05 m,New Delhi,Mumbai,1 stop via Udaipur," 5,955"
97,,,,,,,,
98,,,,,,,,
99,,,,,,,,
100,,,,,,,,
101,,,,,,,,
102,Vistara,05:45,07:55,02 h 10 m,New Delhi,Mumbai,Non stop," 5,956"
103,Vistara,07:30,09:45,02 h 15 m,New Delhi,Mumbai,Non stop," 5,956"
104,Vistara,09:30,11:35,02 h 05 m,New Delhi,Mumbai,Non stop," 5,956"
105,Vistara,12:50,15:00,02 h 10 m,New Delhi,Mumbai,Non stop," 5,956"
106,Vistara,14:20,16:30,02 h 10 m,New Delhi,Mumbai,Non stop," 5,956"
107,Vistara,15:30,17:40,02 h 10 m,New Delhi,Mumbai,Non stop," 5,956"
108,Vistara,16:45,19:05,02 h 20 m,New Delhi,Mumbai,Non stop," 5,956"
109,Vistara,17:45,20:05,02 h 20 m,New Delhi,Mumbai,Non stop," 5,956"
110,Vistara,19:50,22:00,02 h 10 m,New Delhi,Mumbai,Non stop," 5,956"
111,Vistara,21:40,23:50,02 h 10 m,New Delhi,Mumbai,Non stop," 5,956"
112,IndiGo,17:55,23:15,05 h 20 m,New Delhi,Mumbai,1 stop via Bhopal," 7,163"
113,,,,,,,,
114,,,,,,,,
115,,,,,,,,
116,,,,,,,,
117,,,,,,,,
118,,,,,,,,
119,,,,,,,,
120,,,,,,,,
121,,,,,,,,
122,,,,,,,,
123,,,,,,,,
124,,,,,,,,
125,Spicejet,19:30,21:35,02 h 05 m,New Delhi,Mumbai,Non stop," 14,250"
126,Go First,02:00,04:15,02 h 15 m,New Delhi,Mumbai,Non stop," 5,954"
127,Go First,08:00,10:10,02 h 10 m,New Delhi,Mumbai,Non stop," 5,954"
128,Go First,10:30,12:50,02 h 20 m,New Delhi,Mumbai,Non stop," 5,954"
129,Go First,12:45,15:00,02 h 15 m,New Delhi,Mumbai,Non stop," 5,954"
130,Go First,14:20,16:35,02 h 15 m,New Delhi,Mumbai,Non stop," 5,954"
131,Go First,18:05,20:25,02 h 20 m,New Delhi,Mumbai,Non stop," 5,954"
132,Go First,19:40,21:55,02 h 15 m,New Delhi,Mumbai,Non stop," 5,954"
133,Go First,21:00,23:15,02 h 15 m,New Delhi,Mumbai,Non stop," 5,954"
134,Go First,06:05,12:30,06 h 25 m,New Delhi,Mumbai,1 stop via Bengaluru," 5,954"
135,,,,,,,,
136,,,,,,,,
137,,,,,,,,
138,,,,,,,,
139,,,,,,,,
140,,,,,,,,
141,,,,,,,,
142,,,,,,,,
143,,,,,,,,
144,,,,,,,,
145,,,,,,,,
146,,,,,,,,
147,,,,,,,,
148,,,,,,,,
149,Spicejet,06:20,08:40,02 h 20 m,New Delhi,Mumbai,Non stop," 5,955"
150,Air India,07:00,09:05,02 h 05 m,New Delhi,Mumbai,Non stop," 5,955"
151,IndiGo,07:15,09:25,02 h 10 m,New Delhi,Mumbai,Non stop," 5,955"
152,Air India,08:00,10:10,02 h 10 m,New Delhi,Mumbai,Non stop," 5,955"
153,IndiGo,08:45,11:05,02 h 20 m,New Delhi,Mumbai,Non stop," 5,955"
154,Air India,09:00,11:15,02 h 15 m,New Delhi,Mumbai,Non stop," 5,955"
155,IndiGo,09:30,12:00,02 h 30 m,New Delhi,Mumbai,Non stop," 5,955"
156,IndiGo,12:00,14:10,02 h 10 m,New Delhi,Mumbai,Non stop," 5,955"
157,IndiGo,14:20,16:35,02 h 15 m,New Delhi,Mumbai,Non stop," 5,955"
158,IndiGo,17:15,19:25,02 h 10 m,New Delhi,Mumbai,Non stop," 5,955"
159,Air India,18:00,20:00,02 h,New Delhi,Mumbai,Non stop," 5,955"
160,IndiGo,18:40,20:50,02 h 10 m,New Delhi,Mumbai,Non stop," 5,955"
161,Air India,19:00,21:15,02 h 15 m,New Delhi,Mumbai,Non stop," 5,955"
162,Spicejet,19:30,21:40,02 h 10 m,New Delhi,Mumbai,Non stop," 5,955"
163,Air India,20:00,22:10,02 h 10 m,New Delhi,Mumbai,Non stop," 5,955"
164,IndiGo,21:15,23:30,02 h 15 m,New Delhi,Mumbai,Non stop," 5,955"
165,IndiGo,05:15,10:05,04 h 50 m,New Delhi,Mumbai,1 stop via Ahmedabad," 5,955"
166,,,,,,,,
167,,,,,,,,
168,,,,,,,,
169,,,,,,,,
170,,,,,,,,
171,,,,,,,,
172,,,,,,,,
173,,,,,,,,
174,,,,,,,,
175,,,,,,,,
176,Vistara,05:45,07:55,02 h 10 m,New Delhi,Mumbai,Non stop," 5,956"
177,Vistara,07:30,09:45,02 h 15 m,New Delhi,Mumbai,Non stop," 5,956"
178,Vistara,09:30,11:35,02 h 05 m,New Delhi,Mumbai,Non stop," 5,956"
179,Vistara,11:40,14:00,02 h 20 m,New Delhi,Mumbai,Non stop," 5,956"
180,Vistara,12:50,15:00,02 h 10 m,New Delhi,Mumbai,Non stop," 5,956"
181,Vistara,14:20,16:30,02 h 10 m,New Delhi,Mumbai,Non stop," 5,956"
182,Vistara,15:30,17:40,02 h 10 m,New Delhi,Mumbai,Non stop," 5,956"
183,Vistara,16:45,19:05,02 h 20 m,New Delhi,Mumbai,Non stop," 5,956"
184,Vistara,17:45,20:05,02 h 20 m,New Delhi,Mumbai,Non stop," 5,956"
185,Vistara,19:50,22:00,02 h 10 m,New Delhi,Mumbai,Non stop," 5,956"
186,Vistara,21:40,23:50,02 h 10 m,New Delhi,Mumbai,Non stop," 5,956"
187,IndiGo,07:20,12:25,05 h 05 m,New Delhi,Mumbai,1 stop via Udaipur," 6,443"
188,,,,,,,,
189,,,,,,,,
190,,,,,,,,
191,Go First,02:00,04:15,02 h 15 m,New Delhi,Mumbai,Non stop," 5,954"
192,Go First,08:00,10:10,02 h 10 m,New Delhi,Mumbai,Non stop," 5,954"
193,Go First,10:30,12:50,02 h 20 m,New Delhi,Mumbai,Non stop," 5,954"
194,Go First,12:45,15:00,02 h 15 m,New Delhi,Mumbai,Non stop," 5,954"
195,Go First,14:20,16:35,02 h 15 m,New Delhi,Mumbai,Non stop," 5,954"
196,Go First,18:05,20:25,02 h 20 m,New Delhi,Mumbai,Non stop," 5,954"
197,Go First,19:40,21:55,02 h 15 m,New Delhi,Mumbai,Non stop," 5,954"
198,Go First,21:00,23:15,02 h 15 m,New Delhi,Mumbai,Non stop," 5,954"
199,Go First,22:30,00:40,02 h 10 m,New Delhi,Mumbai,Non stop," 5,954"
200,Go First,06:05,12:30,06 h 25 m,New Delhi,Mumbai,1 stop via Bengaluru," 5,954"
201,,,,,,,,
202,,,,,,,,
203,,,,,,,,
204,,,,,,,,
205,,,,,,,,
206,,,,,,,,
207,,,,,,,,
208,,,,,,,,
209,,,,,,,,
210,,,,,,,,
211,,,,,,,,
212,,,,,,,,
213,,,,,,,,
214,,,,,,,,
215,Spicejet,06:20,08:40,02 h 20 m,New Delhi,Mumbai,Non stop," 5,955"
216,Air India,07:00,09:05,02 h 05 m,New Delhi,Mumbai,Non stop," 5,955"
217,IndiGo,07:15,09:25,02 h 10 m,New Delhi,Mumbai,Non stop," 5,955"
218,Spicejet,07:20,09:35,02 h 15 m,New Delhi,Mumbai,Non stop," 5,955"
219,Air India,08:00,10:10,02 h 10 m,New Delhi,Mumbai,Non stop," 5,955"
220,IndiGo,08:45,11:05,02 h 20 m,New Delhi,Mumbai,Non stop," 5,955"
221,Air India,09:00,11:15,02 h 15 m,New Delhi,Mumbai,Non stop," 5,955"
222,IndiGo,09:30,12:00,02 h 30 m,New Delhi,Mumbai,Non stop," 5,955"
223,IndiGo,14:20,16:35,02 h 15 m,New Delhi,Mumbai,Non stop," 5,955"
224,IndiGo,17:15,19:25,02 h 10 m,New Delhi,Mumbai,Non stop," 5,955"
225,Air India,18:00,20:00,02 h,New Delhi,Mumbai,Non stop," 5,955"
226,IndiGo,18:40,20:50,02 h 10 m,New Delhi,Mumbai,Non stop," 5,955"
227,Spicejet,18:55,21:05,02 h 10 m,New Delhi,Mumbai,Non stop," 5,955"
228,Air India,19:00,21:15,02 h 15 m,New Delhi,Mumbai,Non stop," 5,955"
229,Spicejet,19:45,22:05,02 h 20 m,New Delhi,Mumbai,Non stop," 5,955"
230,Air India,20:00,22:10,02 h 10 m,New Delhi,Mumbai,Non stop," 5,955"
231,IndiGo,21:15,23:30,02 h 15 m,New Delhi,Mumbai,Non stop," 5,955"
232,IndiGo,05:15,10:05,04 h 50 m,New Delhi,Mumbai,1 stop via Ahmedabad," 5,955"
233,,,,,,,,
234,,,,,,,,
235,,,,,,,,
236,,,,,,,,
237,,,,,,,,
238,,,,,,,,
239,,,,,,,,
240,,,,,,,,
241,,,,,,,,
242,,,,,,,,
243,,,,,,,,
244,,,,,,,,
245,Vistara,05:45,07:55,02 h 10 m,New Delhi,Mumbai,Non stop," 5,956"
246,Vistara,07:30,09:45,02 h 15 m,New Delhi,Mumbai,Non stop," 5,956"
247,Vistara,09:30,11:35,02 h 05 m,New Delhi,Mumbai,Non stop," 5,956"
248,Vistara,11:40,14:00,02 h 20 m,New Delhi,Mumbai,Non stop," 5,956"
249,Vistara,12:50,15:00,02 h 10 m,New Delhi,Mumbai,Non stop," 5,956"
250,Vistara,14:20,16:30,02 h 10 m,New Delhi,Mumbai,Non stop," 5,956"
251,Vistara,15:30,17:40,02 h 10 m,New Delhi,Mumbai,Non stop," 5,956"
252,Vistara,16:45,19:05,02 h 20 m,New Delhi,Mumbai,Non stop," 5,956"
253,Vistara,17:45,20:05,02 h 20 m,New Delhi,Mumbai,Non stop," 5,956"
254,Vistara,19:50,22:00,02 h 10 m,New Delhi,Mumbai,Non stop," 5,956"
255,Vistara,21:40,23:50,02 h 10 m,New Delhi,Mumbai,Non stop," 5,956"
256,Air India,13:15,17:50,04 h 35 m,New Delhi,Mumbai,1 stop via Udaipur," 8,160"
257,Vistara,17:10,21:35,04 h 25 m,New Delhi,Mumbai,1 stop via Chandigarh," 9,000"
258,Go First,02:00,04:15,02 h 15 m,New Delhi,Mumbai,Non stop," 5,954"
259,Go First,08:45,10:55,02 h 10 m,New Delhi,Mumbai,Non stop," 5,954"
260,Go First,10:30,12:50,02 h 20 m,New Delhi,Mumbai,Non stop," 5,954"
261,Go First,12:45,15:00,02 h 15 m,New Delhi,Mumbai,Non stop," 5,954"
262,Go First,14:20,16:35,02 h 15 m,New Delhi,Mumbai,Non stop," 5,954"
263,Go First,18:05,20:25,02 h 20 m,New Delhi,Mumbai,Non stop," 5,954"
264,Go First,19:40,21:55,02 h 15 m,New Delhi,Mumbai,Non stop," 5,954"
265,Go First,21:00,23:15,02 h 15 m,New Delhi,Mumbai,Non stop," 5,954"
266,Go First,22:30,00:40,02 h 10 m,New Delhi,Mumbai,Non stop," 5,954"
267,Go First,06:05,12:30,06 h 25 m,New Delhi,Mumbai,1 stop via Bengaluru," 5,954"
268,,,,,,,,
269,,,,,,,,
270,,,,,,,,
271,,,,,,,,
272,,,,,,,,
273,,,,,,,,
274,,,,,,,,
275,,,,,,,,
276,,,,,,,,
277,,,,,,,,
278,,,,,,,,
279,,,,,,,,
280,Spicejet,05:50,08:10,02 h 20 m,New Delhi,Mumbai,Non stop," 5,955"
281,Spicejet,06:20,08:40,02 h 20 m,New Delhi,Mumbai,Non stop," 5,955"
282,Air India,07:00,09:05,02 h 05 m,New Delhi,Mumbai,Non stop," 5,955"
283,Spicejet,07:00,09:15,02 h 15 m,New Delhi,Mumbai,Non stop," 5,955"
284,IndiGo,07:15,09:25,02 h 10 m,New Delhi,Mumbai,Non stop," 5,955"
285,Air India,08:00,10:10,02 h 10 m,New Delhi,Mumbai,Non stop," 5,955"
286,IndiGo,08:45,11:05,02 h 20 m,New Delhi,Mumbai,Non stop," 5,955"
287,Air India,09:00,11:15,02 h 15 m,New Delhi,Mumbai,Non stop," 5,955"
288,IndiGo,09:30,12:00,02 h 30 m,New Delhi,Mumbai,Non stop," 5,955"
289,IndiGo,12:00,14:10,02 h 10 m,New Delhi,Mumbai,Non stop," 5,955"
290,IndiGo,14:20,16:35,02 h 15 m,New Delhi,Mumbai,Non stop," 5,955"
291,IndiGo,17:15,19:25,02 h 10 m,New Delhi,Mumbai,Non stop," 5,955"
292,Air India,18:00,20:00,02 h,New Delhi,Mumbai,Non stop," 5,955"
293,IndiGo,18:40,20:50,02 h 10 m,New Delhi,Mumbai,Non stop," 5,955"
294,Air India,19:00,21:15,02 h 15 m,New Delhi,Mumbai,Non stop," 5,955"
295,Spicejet,19:30,21:40,02 h 10 m,New Delhi,Mumbai,Non stop," 5,955"
296,Air India,20:00,22:10,02 h 10 m,New Delhi,Mumbai,Non stop," 5,955"
297,Spicejet,20:30,22:50,02 h 20 m,New Delhi,Mumbai,Non stop," 5,955"
298,IndiGo,21:15,23:30,02 h 15 m,New Delhi,Mumbai,Non stop," 5,955"
299,IndiGo,05:15,10:05,04 h 50 m,New Delhi,Mumbai,1 stop via Ahmedabad," 5,955"
300,,,,,,,,
301,,,,,,,,
302,,,,,,,,
303,,,,,,,,
304,,,,,,,,
305,,,,,,,,
306,,,,,,,,
307,,,,,,,,
308,,,,,,,,
309,,,,,,,,
310,Vistara,05:45,07:55,02 h 10 m,New Delhi,Mumbai,Non stop," 5,956"
311,Vistara,07:30,09:45,02 h 15 m,New Delhi,Mumbai,Non stop," 5,956"
312,Vistara,09:30,11:35,02 h 05 m,New Delhi,Mumbai,Non stop," 5,956"
313,Vistara,11:40,14:00,02 h 20 m,New Delhi,Mumbai,Non stop," 5,956"
314,Vistara,12:50,15:00,02 h 10 m,New Delhi,Mumbai,Non stop," 5,956"
315,Vistara,14:20,16:30,02 h 10 m,New Delhi,Mumbai,Non stop," 5,956"
316,Vistara,15:30,17:40,02 h 10 m,New Delhi,Mumbai,Non stop," 5,956"
317,Vistara,16:45,19:05,02 h 20 m,New Delhi,Mumbai,Non stop," 5,956"
318,Vistara,17:45,20:05,02 h 20 m,New Delhi,Mumbai,Non stop," 5,956"
319,Vistara,19:50,22:00,02 h 10 m,New Delhi,Mumbai,Non stop," 5,956"
320,Vistara,21:40,23:50,02 h 10 m,New Delhi,Mumbai,Non stop," 5,956"
321,IndiGo,14:05,17:55,03 h 50 m,New Delhi,Mumbai,1 stop via Indore," 6,443"
322,,,,,,,,
323,,,,,,,,
324,,,,,,,,
325,,,,,,,,
326,,,,,,,,
327,,,,,,,,
328,Go First,02:00,04:15,02 h 15 m,New Delhi,Mumbai,Non stop," 5,954"
329,Go First,08:00,10:10,02 h 10 m,New Delhi,Mumbai,Non stop," 5,954"
330,Go First,10:30,12:50,02 h 20 m,New Delhi,Mumbai,Non stop," 5,954"
331,Go First,12:45,15:00,02 h 15 m,New Delhi,Mumbai,Non stop," 5,954"
332,Go First,19:40,21:55,02 h 15 m,New Delhi,Mumbai,Non stop," 5,954"
333,Go First,21:00,23:15,02 h 15 m,New Delhi,Mumbai,Non stop," 5,954"
334,Go First,22:30,00:40,02 h 10 m,New Delhi,Mumbai,Non stop," 5,954"
335,Go First,06:05,12:30,06 h 25 m,New Delhi,Mumbai,1 stop via Bengaluru," 5,954"
336,,,,,,,,
337,,,,,,,,
338,,,,,,,,
339,,,,,,,,
340,,,,,,,,
341,,,,,,,,
342,,,,,,,,
343,,,,,,,,
344,,,,,,,,
345,,,,,,,,
346,,,,,,,,
347,Spicejet,05:50,08:10,02 h 20 m,New Delhi,Mumbai,Non stop," 5,955"
348,Spicejet,06:20,08:40,02 h 20 m,New Delhi,Mumbai,Non stop," 5,955"
349,Air India,07:00,09:05,02 h 05 m,New Delhi,Mumbai,Non stop," 5,955"
350,Spicejet,07:00,09:15,02 h 15 m,New Delhi,Mumbai,Non stop," 5,955"
351,IndiGo,07:15,09:25,02 h 10 m,New Delhi,Mumbai,Non stop," 5,955"
352,Air India,08:00,10:10,02 h 10 m,New Delhi,Mumbai,Non stop," 5,955"
353,IndiGo,08:45,11:05,02 h 20 m,New Delhi,Mumbai,Non stop," 5,955"
354,Air India,09:00,11:15,02 h 15 m,New Delhi,Mumbai,Non stop," 5,955"
355,IndiGo,09:30,12:00,02 h 30 m,New Delhi,Mumbai,Non stop," 5,955"
356,IndiGo,12:00,14:10,02 h 10 m,New Delhi,Mumbai,Non stop," 5,955"
357,IndiGo,14:20,16:35,02 h 15 m,New Delhi,Mumbai,Non stop," 5,955"
358,IndiGo,17:15,19:25,02 h 10 m,New Delhi,Mumbai,Non stop," 5,955"
359,Air India,18:00,20:00,02 h,New Delhi,Mumbai,Non stop," 5,955"
360,IndiGo,18:40,20:50,02 h 10 m,New Delhi,Mumbai,Non stop," 5,955"
361,Air India,19:00,21:15,02 h 15 m,New Delhi,Mumbai,Non stop," 5,955"
362,Spicejet,19:30,21:40,02 h 10 m,New Delhi,Mumbai,Non stop," 5,955"
363,Air India,20:00,22:10,02 h 10 m,New Delhi,Mumbai,Non stop," 5,955"
364,Spicejet,20:30,22:50,02 h 20 m,New Delhi,Mumbai,Non stop," 5,955"
365,IndiGo,21:15,23:30,02 h 15 m,New Delhi,Mumbai,Non stop," 5,955"
366,IndiGo,05:15,10:05,04 h 50 m,New Delhi,Mumbai,1 stop via Ahmedabad," 5,955"
367,,,,,,,,
368,,,,,,,,
369,,,,,,,,
370,,,,,,,,
371,,,,,,,,
372,,,,,,,,
373,,,,,,,,
374,,,,,,,,
375,,,,,,,,
376,,,,,,,,
377,,,,,,,,
378,,,,,,,,
379,,,,,,,,
380,,,,,,,,
381,,,,,,,,
382,,,,,,,,
383,Vistara,07:30,09:45,02 h 15 m,New Delhi,Mumbai,Non stop," 5,956"
384,Vistara,09:30,11:35,02 h 05 m,New Delhi,Mumbai,Non stop," 5,956"
385,Vistara,11:40,14:00,02 h 20 m,New Delhi,Mumbai,Non stop," 5,956"
386,Vistara,12:50,15:00,02 h 10 m,New Delhi,Mumbai,Non stop," 5,956"
387,Vistara,14:20,16:30,02 h 10 m,New Delhi,Mumbai,Non stop," 5,956"
388,Vistara,15:30,17:40,02 h 10 m,New Delhi,Mumbai,Non stop," 5,956"
389,Vistara,16:45,19:05,02 h 20 m,New Delhi,Mumbai,Non stop," 5,956"
390,Vistara,17:45,20:05,02 h 20 m,New Delhi,Mumbai,Non stop," 5,956"
391,Vistara,19:50,22:00,02 h 10 m,New Delhi,Mumbai,Non stop," 5,956"
392,Vistara,21:40,23:50,02 h 10 m,New Delhi,Mumbai,Non stop," 5,956"
393,Go First,14:20,16:35,02 h 15 m,New Delhi,Mumbai,Non stop," 6,532"
394,Go First,18:05,20:25,02 h 20 m,New Delhi,Mumbai,Non stop," 6,532"
395,IndiGo,15:10,20:35,05 h 25 m,New Delhi,Mumbai,1 stop via Ahmedabad," 9,373"
396,Vistara,17:40,23:00,05 h 20 m,New Delhi,Mumbai,1 stop via Hyderabad," 9,840"
397,IndiGo,18:15,00:30,06 h 15 m,Hyderabad,Pune,1 stop via Bengaluru," 3,613"
398,IndiGo,19:15,01:15,06 h,Hyderabad,Pune,1 stop via Indore," 3,613"
399,Go First,22:20,11:45,13 h 25 m,Hyderabad,Pune,1 stop via New Delhi," 5,292"
400,IndiGo,13:55,14:55,01 h,Hyderabad,Pune,Non stop," 5,293"
401,IndiGo,21:55,23:05,01 h 10 m,Hyderabad,Pune,Non stop," 5,293"
402,Air India,11:20,18:10,06 h 50 m,Hyderabad,Pune,1 stop via New Delhi," 7,774"
403,Air India,20:50,06:35,09 h 45 m,Hyderabad,Pune,1 stop via New Delhi," 7,774"
404,IndiGo,12:00,18:45,06 h 45 m,Hyderabad,Pune,1 stop via Bengaluru," 9,021"
405,IndiGo,19:40,00:30,04 h 50 m,Hyderabad,Pune,1 stop via Bengaluru," 9,021"
406,IndiGo,17:15,00:30,07 h 15 m,Hyderabad,Pune,1 stop via Bengaluru," 9,021"
407,Vistara,17:40,22:55,05 h 15 m,Hyderabad,Pune,1 stop via New Delhi," 10,069"
408,IndiGo,18:15,00:30,06 h 15 m,Hyderabad,Pune,1 stop via Bengaluru," 3,613"
409,IndiGo,19:15,01:15,06 h,Hyderabad,Pune,1 stop via Indore," 4,233"
410,Go First,10:45,18:40,07 h 55 m,Hyderabad,Pune,1 stop via New Delhi," 5,292"
411,Go First,22:20,11:45,13 h 25 m,Hyderabad,Pune,1 stop via New Delhi," 5,292"
412,IndiGo,13:55,14:55,01 h,Hyderabad,Pune,Non stop," 5,293"
413,IndiGo,21:55,23:05,01 h 10 m,Hyderabad,Pune,Non stop," 5,293"
414,Air India,11:20,18:10,06 h 50 m,Hyderabad,Pune,1 stop via New Delhi," 7,774"
415,Air India,20:50,07:00,10 h 10 m,Hyderabad,Pune,1 stop via New Delhi," 7,774"
416,IndiGo,06:45,13:00,06 h 15 m,Hyderabad,Pune,1 stop via Bengaluru," 9,021"
417,IndiGo,12:00,18:45,06 h 45 m,Hyderabad,Pune,1 stop via Bengaluru," 9,021"
418,IndiGo,19:40,00:30,04 h 50 m,Hyderabad,Pune,1 stop via Bengaluru," 9,021"
419,IndiGo,17:15,00:30,07 h 15 m,Hyderabad,Pune,1 stop via Bengaluru," 9,021"
420,Vistara,17:40,22:55,05 h 15 m,Hyderabad,Pune,1 stop via New Delhi," 10,069"
421,IndiGo,06:45,13:00,06 h 15 m,Hyderabad,Pune,1 stop via Bengaluru," 3,613"
422,IndiGo,12:00,18:45,06 h 45 m,Hyderabad,Pune,1 stop via Bengaluru," 3,613"
423,IndiGo,19:40,00:30,04 h 50 m,Hyderabad,Pune,1 stop via Bengaluru," 3,613"
424,IndiGo,18:15,00:30,06 h 15 m,Hyderabad,Pune,1 stop via Bengaluru," 3,613"
425,IndiGo,17:15,00:30,07 h 15 m,Hyderabad,Pune,1 stop via Bengaluru," 3,613"
426,IndiGo,19:15,01:15,06 h,Hyderabad,Pune,1 stop via Indore," 3,613"
427,IndiGo,22:25,02:55,04 h 30 m,Hyderabad,Pune,1 stop via Goa," 3,613"
428,IndiGo,19:35,02:55,07 h 20 m,Hyderabad,Pune,1 stop via Goa," 3,613"
429,Go First,10:45,18:40,07 h 55 m,Hyderabad,Pune,1 stop via New Delhi," 5,292"
430,IndiGo,13:55,14:55,01 h,Hyderabad,Pune,Non stop," 5,293"
431,IndiGo,21:55,23:05,01 h 10 m,Hyderabad,Pune,Non stop," 5,293"
432,Air India,11:20,18:10,06 h 50 m,Hyderabad,Pune,1 stop via New Delhi," 7,774"
433,Vistara,17:40,22:55,05 h 15 m,Hyderabad,Pune,1 stop via New Delhi," 10,069"
434,IndiGo,06:45,13:00,06 h 15 m,Hyderabad,Pune,1 stop via Bengaluru," 3,613"
435,IndiGo,12:00,18:45,06 h 45 m,Hyderabad,Pune,1 stop via Bengaluru," 3,613"
436,IndiGo,17:15,21:50,04 h 35 m,Hyderabad,Pune,1 stop via Bengaluru," 3,613"
437,IndiGo,19:40,00:30,04 h 50 m,Hyderabad,Pune,1 stop via Bengaluru," 3,613"
438,IndiGo,18:15,00:30,06 h 15 m,Hyderabad,Pune,1 stop via Bengaluru," 3,613"
439,IndiGo,19:15,01:15,06 h,Hyderabad,Pune,1 stop via Indore," 3,613"
440,IndiGo,22:25,02:55,04 h 30 m,Hyderabad,Pune,1 stop via Goa," 3,613"
441,IndiGo,19:35,02:55,07 h 20 m,Hyderabad,Pune,1 stop via Goa," 3,613"
442,Go First,22:20,10:15,11 h 55 m,Hyderabad,Pune,1 stop via New Delhi," 5,292"
443,IndiGo,13:55,14:55,01 h,Hyderabad,Pune,Non stop," 5,293"
444,IndiGo,21:55,23:05,01 h 10 m,Hyderabad,Pune,Non stop," 5,293"
445,Air India,11:20,18:10,06 h 50 m,Hyderabad,Pune,1 stop via New Delhi," 7,774"
446,Vistara,17:40,22:55,05 h 15 m,Hyderabad,Pune,1 stop via New Delhi," 10,069"
447,IndiGo,12:00,18:45,06 h 45 m,Hyderabad,Pune,1 stop via Bengaluru," 3,613"
448,IndiGo,17:15,21:50,04 h 35 m,Hyderabad,Pune,1 stop via Bengaluru," 3,613"
449,IndiGo,19:40,00:30,04 h 50 m,Hyderabad,Pune,1 stop via Bengaluru," 3,613"
450,IndiGo,18:15,00:30,06 h 15 m,Hyderabad,Pune,1 stop via Bengaluru," 3,613"
451,IndiGo,19:15,01:15,06 h,Hyderabad,Pune,1 stop via Indore," 3,613"
452,IndiGo,22:25,02:55,04 h 30 m,Hyderabad,Pune,1 stop via Goa," 4,542"
453,IndiGo,19:35,02:55,07 h 20 m,Hyderabad,Pune,1 stop via Goa," 4,542"
454,Go First,22:20,11:45,13 h 25 m,Hyderabad,Pune,1 stop via New Delhi," 5,292"
455,IndiGo,21:55,23:05,01 h 10 m,Hyderabad,Pune,Non stop," 5,293"
456,Air India,11:20,18:10,06 h 50 m,Hyderabad,Pune,1 stop via New Delhi," 7,774"
457,Vistara,13:25,19:35,06 h 10 m,Hyderabad,Pune,1 stop via New Delhi," 10,069"
458,Vistara,17:40,22:55,05 h 15 m,Hyderabad,Pune,1 stop via New Delhi," 10,069"
459,IndiGo,06:45,13:00,06 h 15 m,Hyderabad,Pune,1 stop via Bengaluru," 3,613"
460,IndiGo,12:00,18:45,06 h 45 m,Hyderabad,Pune,1 stop via Bengaluru," 3,613"
461,IndiGo,17:15,21:50,04 h 35 m,Hyderabad,Pune,1 stop via Bengaluru," 3,613"
462,IndiGo,19:40,00:30,04 h 50 m,Hyderabad,Pune,1 stop via Bengaluru," 3,613"
463,IndiGo,18:15,00:30,06 h 15 m,Hyderabad,Pune,1 stop via Bengaluru," 3,613"
464,IndiGo,19:15,01:15,06 h,Hyderabad,Pune,1 stop via Indore," 3,613"
465,IndiGo,22:25,02:55,04 h 30 m,Hyderabad,Pune,1 stop via Goa," 4,542"
466,IndiGo,19:35,02:55,07 h 20 m,Hyderabad,Pune,1 stop via Goa," 4,542"
467,Go First,22:20,11:45,13 h 25 m,Hyderabad,Pune,1 stop via New Delhi," 5,292"
468,IndiGo,13:55,14:55,01 h,Hyderabad,Pune,Non stop," 5,293"
469,IndiGo,21:55,23:05,01 h 10 m,Hyderabad,Pune,Non stop," 5,293"
470,Air India,11:20,18:10,06 h 50 m,Hyderabad,Pune,1 stop via New Delhi," 7,774"
471,Vistara,10:20,16:20,06 h,Hyderabad,Pune,1 stop via New Delhi," 10,069"
472,Vistara,17:40,22:55,05 h 15 m,Hyderabad,Pune,1 stop via New Delhi," 10,069"
473,Spicejet,08:20,09:40,01 h 20 m,Chennai,Bengaluru,Non stop," 3,361"
474,IndiGo,09:00,10:05,01 h 05 m,Chennai,Bengaluru,Non stop," 3,362"
475,IndiGo,13:05,14:10,01 h 05 m,Chennai,Bengaluru,Non stop," 3,362"
476,IndiGo,16:30,17:35,01 h 05 m,Chennai,Bengaluru,Non stop," 3,362"
477,Air India,08:30,14:20,05 h 50 m,Chennai,Bengaluru,1 stop via Hyderabad," 8,088"
478,,,,,,,,
479,,,,,,,,
480,,,,,,,,
481,,,,,,,,
482,,,,,,,,
483,,,,,,,,
484,,,,,,,,
485,,,,,,,,
486,,,,,,,,
487,,,,,,,,
488,,,,,,,,
489,,,,,,,,
490,,,,,,,,
491,,,,,,,,
492,,,,,,,,
493,,,,,,,,
494,,,,,,,,
495,Spicejet,08:20,09:40,01 h 20 m,Chennai,Bengaluru,Non stop," 3,361"
496,IndiGo,09:00,10:05,01 h 05 m,Chennai,Bengaluru,Non stop," 3,362"
497,IndiGo,13:05,14:10,01 h 05 m,Chennai,Bengaluru,Non stop," 3,362"
498,IndiGo,16:30,17:35,01 h 05 m,Chennai,Bengaluru,Non stop," 3,362"
499,Vistara,12:30,17:45,05 h 15 m,Chennai,Bengaluru,1 stop via Mumbai," 9,105"
500,,,,,,,,
501,,,,,,,,
502,,,,,,,,
503,,,,,,,,
504,,,,,,,,
505,,,,,,,,
506,,,,,,,,
507,,,,,,,,
508,,,,,,,,
509,,,,,,,,
510,,,,,,,,
511,,,,,,,,
512,,,,,,,,
513,,,,,,,,
514,,,,,,,,
515,,,,,,,,
516,Spicejet,08:20,09:40,01 h 20 m,Chennai,Bengaluru,Non stop," 3,361"
517,IndiGo,09:00,10:05,01 h 05 m,Chennai,Bengaluru,Non stop," 3,362"
518,IndiGo,13:05,14:10,01 h 05 m,Chennai,Bengaluru,Non stop," 3,362"
519,IndiGo,16:30,17:35,01 h 05 m,Chennai,Bengaluru,Non stop," 3,362"
520,Vistara,12:30,17:45,05 h 15 m,Chennai,Bengaluru,1 stop via Mumbai," 9,105"
521,,,,,,,,
522,,,,,,,,
523,,,,,,,,
524,,,,,,,,
525,,,,,,,,
526,,,,,,,,
527,,,,,,,,
528,,,,,,,,
529,,,,,,,,
530,,,,,,,,
531,,,,,,,,
532,,,,,,,,
533,,,,,,,,
534,,,,,,,,
535,,,,,,,,
536,,,,,,,,
537,Spicejet,08:20,09:40,01 h 20 m,Chennai,Bengaluru,Non stop," 3,361"
538,IndiGo,09:00,10:05,01 h 05 m,Chennai,Bengaluru,Non stop," 3,362"
539,IndiGo,13:05,14:10,01 h 05 m,Chennai,Bengaluru,Non stop," 3,362"
540,IndiGo,16:30,17:35,01 h 05 m,Chennai,Bengaluru,Non stop," 3,362"
541,Vistara,12:30,17:45,05 h 15 m,Chennai,Bengaluru,1 stop via Mumbai," 9,105"
542,,,,,,,,
543,,,,,,,,
544,,,,,,,,
545,,,,,,,,
546,,,,,,,,
547,,,,,,,,
548,,,,,,,,
549,,,,,,,,
550,,,,,,,,
551,,,,,,,,
552,,,,,,,,
553,,,,,,,,
554,,,,,,,,
555,,,,,,,,
556,,,,,,,,
557,Spicejet,07:50,09:10,01 h 20 m,Chennai,Bengaluru,Non stop," 3,361"
558,Spicejet,08:20,09:40,01 h 20 m,Chennai,Bengaluru,Non stop," 3,361"
559,IndiGo,09:00,10:05,01 h 05 m,Chennai,Bengaluru,Non stop," 3,362"
560,IndiGo,13:05,14:10,01 h 05 m,Chennai,Bengaluru,Non stop," 3,362"
561,IndiGo,16:30,17:35,01 h 05 m,Chennai,Bengaluru,Non stop," 3,362"
562,Air India,08:30,14:20,05 h 50 m,Chennai,Bengaluru,1 stop via Hyderabad," 8,088"
563,,,,,,,,
564,,,,,,,,
565,,,,,,,,
566,,,,,,,,
567,,,,,,,,
568,,,,,,,,
569,,,,,,,,
570,,,,,,,,
571,,,,,,,,
572,,,,,,,,
573,,,,,,,,
574,,,,,,,,
575,,,,,,,,
576,,,,,,,,
577,,,,,,,,
578,,,,,,,,
579,,,,,,,,
580,Spicejet,08:20,09:40,01 h 20 m,Chennai,Bengaluru,Non stop," 3,361"
581,IndiGo,09:00,10:05,01 h 05 m,Chennai,Bengaluru,Non stop," 3,362"
582,IndiGo,13:05,14:10,01 h 05 m,Chennai,Bengaluru,Non stop," 3,362"
583,IndiGo,16:30,17:35,01 h 05 m,Chennai,Bengaluru,Non stop," 3,362"
584,AirAsia,15:30,16:30,01 h,Chennai,Bengaluru,Non stop," 3,363"
585,Vistara,12:30,20:55,08 h 25 m,Chennai,Bengaluru,1 stop via Mumbai," 9,105"
586,,,,,,,,
587,,,,,,,,
588,,,,,,,,
589,,,,,,,,
590,,,,,,,,
591,,,,,,,,
592,,,,,,,,
593,,,,,,,,
594,,,,,,,,
595,,,,,,,,
596,,,,,,,,
597,,,,,,,,
598,,,,,,,,
599,,,,,,,,
600,,,,,,,,
601,,,,,,,,
602,,,,,,,,
603,,,,,,,,
604,,,,,,,,
605,Go First,05:40,06:50,01 h 10 m,Bengaluru,Pune,Non stop," 5,177"
606,Spicejet,10:20,11:55,01 h 35 m,Bengaluru,Pune,Non stop," 5,177"
607,Go First,11:50,13:20,01 h 30 m,Bengaluru,Pune,Non stop," 5,177"
608,Go First,13:00,14:30,01 h 30 m,Bengaluru,Pune,Non stop," 5,177"
609,Go First,17:20,18:50,01 h 30 m,Bengaluru,Pune,Non stop," 5,177"
610,Go First,22:00,23:25,01 h 25 m,Bengaluru,Pune,Non stop," 5,177"
611,Spicejet,05:45,14:55,09 h 10 m,Bengaluru,Pune,1 stop via Goa," 5,177"
612,,,,,,,,
613,,,,,,,,
614,,,,,,,,
615,,,,,,,,
616,IndiGo,02:40,04:15,01 h 35 m,Bengaluru,Pune,Non stop," 5,178"
617,IndiGo,05:15,06:45,01 h 30 m,Bengaluru,Pune,Non stop," 5,178"
618,IndiGo,11:20,13:00,01 h 40 m,Bengaluru,Pune,Non stop," 5,178"
619,IndiGo,17:15,18:45,01 h 30 m,Bengaluru,Pune,Non stop," 5,178"
620,IndiGo,23:00,00:30,01 h 30 m,Bengaluru,Pune,Non stop," 5,178"
621,IndiGo,09:20,14:55,05 h 35 m,Bengaluru,Pune,1 stop via Hyderabad," 5,178"
622,,,,,,,,
623,,,,,,,,
624,,,,,,,,
625,,,,,,,,
626,AirAsia,12:50,14:25,01 h 35 m,Bengaluru,Pune,Non stop," 5,179"
627,IndiGo,19:40,02:10,06 h 30 m,Bengaluru,Pune,1 stop via Kochi," 5,635"
628,,,,,,,,
629,,,,,,,,
630,,,,,,,,
631,Go First,05:40,06:50,01 h 10 m,Bengaluru,Pune,Non stop," 5,177"
632,Spicejet,10:20,11:55,01 h 35 m,Bengaluru,Pune,Non stop," 5,177"
633,Go First,11:50,13:20,01 h 30 m,Bengaluru,Pune,Non stop," 5,177"
634,Go First,13:00,14:30,01 h 30 m,Bengaluru,Pune,Non stop," 5,177"
635,Go First,17:20,18:50,01 h 30 m,Bengaluru,Pune,Non stop," 5,177"
636,Go First,22:00,23:25,01 h 25 m,Bengaluru,Pune,Non stop," 5,177"
637,Spicejet,05:45,14:55,09 h 10 m,Bengaluru,Pune,1 stop via Goa," 5,177"
638,,,,,,,,
639,,,,,,,,
640,,,,,,,,
641,,,,,,,,
642,IndiGo,02:40,04:15,01 h 35 m,Bengaluru,Pune,Non stop," 5,178"
643,IndiGo,05:15,06:45,01 h 30 m,Bengaluru,Pune,Non stop," 5,178"
644,IndiGo,11:20,13:00,01 h 40 m,Bengaluru,Pune,Non stop," 5,178"
645,IndiGo,17:15,18:45,01 h 30 m,Bengaluru,Pune,Non stop," 5,178"
646,IndiGo,23:00,00:30,01 h 30 m,Bengaluru,Pune,Non stop," 5,178"
647,IndiGo,09:20,14:55,05 h 35 m,Bengaluru,Pune,1 stop via Hyderabad," 5,178"
648,,,,,,,,
649,,,,,,,,
650,,,,,,,,
651,,,,,,,,
652,,,,,,,,
653,,,,,,,,
654,AirAsia,12:50,14:25,01 h 35 m,Bengaluru,Pune,Non stop," 5,179"
655,Vistara,09:55,16:20,06 h 25 m,Bengaluru,Pune,1 stop via New Delhi," 11,205"
656,,,,,,,,
657,,,,,,,,
658,,,,,,,,
659,,,,,,,,
660,Go First,05:40,06:50,01 h 10 m,Bengaluru,Pune,Non stop," 5,177"
661,Spicejet,10:20,11:55,01 h 35 m,Bengaluru,Pune,Non stop," 5,177"
662,Go First,11:50,13:20,01 h 30 m,Bengaluru,Pune,Non stop," 5,177"
663,Go First,13:00,14:30,01 h 30 m,Bengaluru,Pune,Non stop," 5,177"
664,Go First,17:20,18:50,01 h 30 m,Bengaluru,Pune,Non stop," 5,177"
665,Go First,22:00,23:25,01 h 25 m,Bengaluru,Pune,Non stop," 5,177"
666,Go First,07:20,14:40,07 h 20 m,Bengaluru,Pune,1 stop via New Delhi," 5,177"
667,,,,,,,,
668,,,,,,,,
669,,,,,,,,
670,IndiGo,02:40,04:15,01 h 35 m,Bengaluru,Pune,Non stop," 5,178"
671,IndiGo,05:15,06:45,01 h 30 m,Bengaluru,Pune,Non stop," 5,178"
672,IndiGo,11:20,13:00,01 h 40 m,Bengaluru,Pune,Non stop," 5,178"
673,IndiGo,17:15,18:45,01 h 30 m,Bengaluru,Pune,Non stop," 5,178"
674,IndiGo,23:00,00:30,01 h 30 m,Bengaluru,Pune,Non stop," 5,178"
675,IndiGo,09:20,14:55,05 h 35 m,Bengaluru,Pune,1 stop via Hyderabad," 5,178"
676,,,,,,,,
677,,,,,,,,
678,,,,,,,,
679,,,,,,,,
680,,,,,,,,
681,,,,,,,,
682,,,,,,,,
683,AirAsia,12:50,14:25,01 h 35 m,Bengaluru,Pune,Non stop," 5,179"
684,Spicejet,05:45,14:55,09 h 10 m,Bengaluru,Pune,1 stop via Goa," 5,283"
685,,,,,,,,
686,,,,,,,,
687,,,,,,,,
688,,,,,,,,
689,Go First,05:40,06:50,01 h 10 m,Bengaluru,Pune,Non stop," 5,177"
690,Spicejet,10:20,11:55,01 h 35 m,Bengaluru,Pune,Non stop," 5,177"
691,Go First,11:50,13:20,01 h 30 m,Bengaluru,Pune,Non stop," 5,177"
692,Go First,13:00,14:30,01 h 30 m,Bengaluru,Pune,Non stop," 5,177"
693,Go First,17:20,18:50,01 h 30 m,Bengaluru,Pune,Non stop," 5,177"
694,Go First,22:00,23:25,01 h 25 m,Bengaluru,Pune,Non stop," 5,177"
695,Go First,07:20,14:40,07 h 20 m,Bengaluru,Pune,1 stop via New Delhi," 5,177"
696,,,,,,,,
697,,,,,,,,
698,,,,,,,,
699,,,,,,,,
700,IndiGo,02:40,04:15,01 h 35 m,Bengaluru,Pune,Non stop," 5,178"
701,IndiGo,05:15,06:45,01 h 30 m,Bengaluru,Pune,Non stop," 5,178"
702,IndiGo,11:20,13:00,01 h 40 m,Bengaluru,Pune,Non stop," 5,178"
703,IndiGo,17:15,18:45,01 h 30 m,Bengaluru,Pune,Non stop," 5,178"
704,IndiGo,20:15,21:50,01 h 35 m,Bengaluru,Pune,Non stop," 5,178"
705,IndiGo,23:00,00:30,01 h 30 m,Bengaluru,Pune,Non stop," 5,178"
706,IndiGo,09:20,14:55,05 h 35 m,Bengaluru,Pune,1 stop via Hyderabad," 5,178"
707,,,,,,,,
708,,,,,,,,
709,,,,,,,,
710,,,,,,,,
711,,,,,,,,
712,AirAsia,12:50,14:25,01 h 35 m,Bengaluru,Pune,Non stop," 5,179"
713,IndiGo,19:20,23:05,03 h 45 m,Bengaluru,Pune,1 stop via Hyderabad," 5,635"
714,,,,,,,,
715,,,,,,,,
716,,,,,,,,
717,Go First,05:40,06:50,01 h 10 m,Bengaluru,Pune,Non stop," 5,177"
718,Go First,17:20,18:50,01 h 30 m,Bengaluru,Pune,Non stop," 5,177"
719,Go First,22:00,23:25,01 h 25 m,Bengaluru,Pune,Non stop," 5,177"
720,Go First,18:50,00:35,05 h 45 m,Bengaluru,Pune,1 stop via Ahmedabad," 5,177"
721,Go First,22:00,11:45,13 h 45 m,Bengaluru,Pune,1 stop via New Delhi," 5,177"
722,IndiGo,02:40,04:15,01 h 35 m,Bengaluru,Pune,Non stop," 5,178"
723,IndiGo,05:15,06:45,01 h 30 m,Bengaluru,Pune,Non stop," 5,178"
724,IndiGo,17:15,18:45,01 h 30 m,Bengaluru,Pune,Non stop," 5,178"
725,IndiGo,20:15,21:50,01 h 35 m,Bengaluru,Pune,Non stop," 5,178"
726,IndiGo,23:00,00:30,01 h 30 m,Bengaluru,Pune,Non stop," 5,178"
727,IndiGo,09:20,17:15,07 h 55 m,Bengaluru,Pune,1 stop via Chennai," 5,178"
728,,,,,,,,
729,,,,,,,,
730,,,,,,,,
731,,,,,,,,
732,,,,,,,,
733,,,,,,,,
734,,,,,,,,
735,,,,,,,,
736,Go First,05:40,06:50,01 h 10 m,Bengaluru,Pune,Non stop," 5,177"
737,Spicejet,10:20,11:55,01 h 35 m,Bengaluru,Pune,Non stop," 5,177"
738,Go First,11:50,13:20,01 h 30 m,Bengaluru,Pune,Non stop," 5,177"
739,Go First,13:00,14:30,01 h 30 m,Bengaluru,Pune,Non stop," 5,177"
740,Go First,17:20,18:50,01 h 30 m,Bengaluru,Pune,Non stop," 5,177"
741,Go First,22:00,23:25,01 h 25 m,Bengaluru,Pune,Non stop," 5,177"
742,Go First,05:30,14:40,09 h 10 m,Bengaluru,Pune,1 stop via New Delhi," 5,177"
743,,,,,,,,
744,,,,,,,,
745,,,,,,,,
746,,,,,,,,
747,,,,,,,,
748,IndiGo,02:40,04:15,01 h 35 m,Bengaluru,Pune,Non stop," 5,178"
749,IndiGo,05:15,06:45,01 h 30 m,Bengaluru,Pune,Non stop," 5,178"
750,IndiGo,11:20,13:00,01 h 40 m,Bengaluru,Pune,Non stop," 5,178"
751,IndiGo,17:15,18:45,01 h 30 m,Bengaluru,Pune,Non stop," 5,178"
752,IndiGo,20:15,21:50,01 h 35 m,Bengaluru,Pune,Non stop," 5,178"
753,IndiGo,23:00,00:30,01 h 30 m,Bengaluru,Pune,Non stop," 5,178"
754,IndiGo,09:20,14:55,05 h 35 m,Bengaluru,Pune,1 stop via Hyderabad," 5,178"
755,,,,,,,,
756,,,,,,,,
757,,,,,,,,
758,,,,,,,,
759,,,,,,,,
760,,,,,,,,
761,AirAsia,12:50,14:25,01 h 35 m,Bengaluru,Pune,Non stop," 5,179"
762,IndiGo,19:40,02:10,06 h 30 m,Bengaluru,Pune,1 stop via Kochi," 6,092"
763,,,,,,,,
764,,,,,,,,
765,,,,,,,,
766,,,,,,,,
767,,,,,,,,
768,IndiGo,12:15,13:40,01 h 25 m,Indore,New Delhi,Non stop," 5,317"
769,IndiGo,16:05,17:35,01 h 30 m,Indore,New Delhi,Non stop," 5,317"
770,IndiGo,20:00,21:20,01 h 20 m,Indore,New Delhi,Non stop," 5,317"
771,Air India,09:15,10:45,01 h 30 m,Indore,New Delhi,Non stop," 5,318"
772,Vistara,20:30,22:00,01 h 30 m,Indore,New Delhi,Non stop," 5,319"
773,IndiGo,06:55,11:55,05 h,Indore,New Delhi,1 stop via Lucknow," 7,785"
774,,,,,,,,
775,,,,,,,,
776,,,,,,,,
777,,,,,,,,
778,,,,,,,,
779,,,,,,,,
780,,,,,,,,
781,,,,,,,,
782,IndiGo,12:15,13:40,01 h 25 m,Indore,New Delhi,Non stop," 5,317"
783,IndiGo,16:05,17:35,01 h 30 m,Indore,New Delhi,Non stop," 5,317"
784,IndiGo,20:00,21:20,01 h 20 m,Indore,New Delhi,Non stop," 5,317"
785,Air India,09:15,10:45,01 h 30 m,Indore,New Delhi,Non stop," 5,318"
786,Vistara,20:30,22:00,01 h 30 m,Indore,New Delhi,Non stop," 5,319"
787,Air India,16:30,23:45,07 h 15 m,Indore,New Delhi,1 stop via Mumbai," 10,043"
788,Air India,16:30,09:00,16 h 30 m,Indore,New Delhi,"2 stop via Mumbai,Hyderabad"," 13,928"
789,Air India,16:30,10:55,18 h 25 m,Indore,New Delhi,"2 stop via Mumbai,Nagpur"," 13,928"
790,Air India,16:30,03:40,11 h 10 m,Indore,New Delhi,"2 stop via Mumbai,Goa"," 15,398"
791,Air India,16:30,16:45,24 h 15 m,Indore,New Delhi,"2 stop via Mumbai,Goa"," 15,398"
792,IndiGo,12:15,13:40,01 h 25 m,Indore,New Delhi,Non stop," 5,317"
793,IndiGo,16:05,17:35,01 h 30 m,Indore,New Delhi,Non stop," 5,317"
794,IndiGo,20:00,21:20,01 h 20 m,Indore,New Delhi,Non stop," 5,317"
795,Air India,09:15,10:45,01 h 30 m,Indore,New Delhi,Non stop," 5,318"
796,Vistara,20:30,22:00,01 h 30 m,Indore,New Delhi,Non stop," 5,319"
797,IndiGo,06:55,11:55,05 h,Indore,New Delhi,1 stop via Lucknow," 7,470"
798,,,,,,,,
799,,,,,,,,
800,,,,,,,,
801,,,,,,,,
802,,,,,,,,
803,,,,,,,,
804,IndiGo,12:15,13:40,01 h 25 m,Indore,New Delhi,Non stop," 5,317"
805,IndiGo,16:05,17:35,01 h 30 m,Indore,New Delhi,Non stop," 5,317"
806,IndiGo,20:00,21:20,01 h 20 m,Indore,New Delhi,Non stop," 5,317"
807,Air India,09:15,10:45,01 h 30 m,Indore,New Delhi,Non stop," 5,318"
808,Vistara,20:30,22:00,01 h 30 m,Indore,New Delhi,Non stop," 5,319"
809,Air India,16:30,23:45,07 h 15 m,Indore,New Delhi,1 stop via Mumbai," 10,043"
810,Air India,16:30,09:00,16 h 30 m,Indore,New Delhi,"2 stop via Mumbai,Hyderabad"," 13,928"
811,Air India,16:30,10:55,18 h 25 m,Indore,New Delhi,"2 stop via Mumbai,Nagpur"," 13,928"
812,IndiGo,12:15,13:40,01 h 25 m,Indore,New Delhi,Non stop," 5,317"
813,IndiGo,16:05,17:35,01 h 30 m,Indore,New Delhi,Non stop," 5,317"
814,IndiGo,20:00,21:20,01 h 20 m,Indore,New Delhi,Non stop," 5,317"
815,Air India,09:15,10:45,01 h 30 m,Indore,New Delhi,Non stop," 5,318"
816,Vistara,20:30,22:00,01 h 30 m,Indore,New Delhi,Non stop," 5,319"
817,IndiGo,06:55,11:55,05 h,Indore,New Delhi,1 stop via Lucknow," 7,470"
818,,,,,,,,
819,,,,,,,,
820,,,,,,,,
821,,,,,,,,
822,,,,,,,,
823,,,,,,,,
824,IndiGo,12:15,13:40,01 h 25 m,Indore,New Delhi,Non stop," 5,317"
825,IndiGo,16:05,17:35,01 h 30 m,Indore,New Delhi,Non stop," 5,317"
826,IndiGo,20:00,21:20,01 h 20 m,Indore,New Delhi,Non stop," 5,317"
827,Air India,09:15,10:45,01 h 30 m,Indore,New Delhi,Non stop," 5,318"
828,Vistara,08:15,09:40,01 h 25 m,Indore,New Delhi,Non stop," 5,319"
829,Vistara,20:30,22:00,01 h 30 m,Indore,New Delhi,Non stop," 5,319"
830,IndiGo,06:55,11:55,05 h,Indore,New Delhi,1 stop via Lucknow," 7,470"
831,,,,,,,,
832,,,,,,,,
833,,,,,,,,
834,,,,,,,,
835,,,,,,,,
836,IndiGo,18:00,00:10,06 h 10 m,Thiruvananthapuram,Kolkata,1 stop via Bengaluru," 9,338"
837,IndiGo,19:55,06:05,10 h 10 m,Thiruvananthapuram,Kolkata,1 stop via Hyderabad," 9,391"
838,IndiGo,17:10,05:10,12 h,Thiruvananthapuram,Kolkata,1 stop via New Delhi," 10,567"
839,Air India,21:10,09:00,11 h 50 m,Thiruvananthapuram,Kolkata,1 stop via New Delhi," 13,469"
840,Vistara,12:00,20:45,08 h 45 m,Thiruvananthapuram,Kolkata,"2 stop via New Delhi,Lucknow"," 14,352"
841,Air India,21:10,19:25,22 h 15 m,Thiruvananthapuram,Kolkata,"2 stop via New Delhi,Guwahati"," 18,201"
842,Vistara,12:00,09:40,21 h 40 m,Thiruvananthapuram,Kolkata,"2 stop via New Delhi,Mumbai"," 21,387"
843,Vistara,12:00,09:40,21 h 40 m,Thiruvananthapuram,Kolkata,"2 stop via New Delhi,Mumbai"," 21,387"
844,Vistara,12:00,09:40,21 h 40 m,Thiruvananthapuram,Kolkata,"2 stop via New Delhi,Mumbai"," 21,387"
845,Vistara,12:00,09:40,21 h 40 m,Thiruvananthapuram,Kolkata,"2 stop via New Delhi,Mumbai"," 21,387"
846,Air India,21:10,12:30,15 h 20 m,Thiruvananthapuram,Kolkata,"3 stop via New Delhi,Surat,Bhubaneswar"," 23,304"
847,Air India,21:10,14:50,17 h 40 m,Thiruvananthapuram,Kolkata,"4 stop via New Delhi,Surat,Bhubaneswar,Ranchi"," 25,719"
848,IndiGo,18:00,00:10,06 h 10 m,Thiruvananthapuram,Kolkata,1 stop via Bengaluru," 9,338"
849,IndiGo,10:35,17:45,07 h 10 m,Thiruvananthapuram,Kolkata,1 stop via Bengaluru," 9,391"
850,IndiGo,19:55,06:05,10 h 10 m,Thiruvananthapuram,Kolkata,1 stop via Hyderabad," 9,391"
851,Air India,20:15,12:10,15 h 55 m,Thiruvananthapuram,Kolkata,"2 stop via Mumbai,Patna"," 13,854"
852,Vistara,12:00,19:35,07 h 35 m,Thiruvananthapuram,Kolkata,1 stop via New Delhi," 14,352"
853,Air India,21:10,20:05,22 h 55 m,Thiruvananthapuram,Kolkata,"3 stop via New Delhi,Raipur,Jharsuguda"," 17,891"
854,Air India,21:10,18:00,20 h 50 m,Thiruvananthapuram,Kolkata,"2 stop via New Delhi,Guwahati"," 18,201"
855,IndiGo,18:00,00:10,06 h 10 m,Thiruvananthapuram,Kolkata,1 stop via Bengaluru," 9,338"
856,IndiGo,11:30,00:10,12 h 40 m,Thiruvananthapuram,Kolkata,1 stop via Mumbai," 9,391"
857,IndiGo,19:55,06:05,10 h 10 m,Thiruvananthapuram,Kolkata,1 stop via Hyderabad," 9,391"
858,Air India,21:10,09:00,11 h 50 m,Thiruvananthapuram,Kolkata,1 stop via New Delhi," 13,469"
859,Vistara,12:00,20:45,08 h 45 m,Thiruvananthapuram,Kolkata,"2 stop via New Delhi,Lucknow"," 14,352"
860,Air India,21:10,14:30,17 h 20 m,Thiruvananthapuram,Kolkata,1 stop via New Delhi," 16,125"
861,Air India,21:10,19:25,22 h 15 m,Thiruvananthapuram,Kolkata,"2 stop via New Delhi,Guwahati"," 18,201"
862,Air India,21:10,20:05,22 h 55 m,Thiruvananthapuram,Kolkata,"4 stop via New Delhi,Nagpur,Raipur,Jharsuguda"," 18,784"
863,Vistara,12:00,09:40,21 h 40 m,Thiruvananthapuram,Kolkata,"2 stop via New Delhi,Mumbai"," 21,387"
864,Vistara,12:00,09:40,21 h 40 m,Thiruvananthapuram,Kolkata,"2 stop via New Delhi,Mumbai"," 21,387"
865,Vistara,12:00,09:40,21 h 40 m,Thiruvananthapuram,Kolkata,"2 stop via New Delhi,Mumbai"," 21,387"
866,Vistara,12:00,09:40,21 h 40 m,Thiruvananthapuram,Kolkata,"2 stop via New Delhi,Mumbai"," 21,387"
867,IndiGo,18:00,00:10,06 h 10 m,Thiruvananthapuram,Kolkata,1 stop via Bengaluru," 9,338"
868,IndiGo,11:30,20:10,08 h 40 m,Thiruvananthapuram,Kolkata,1 stop via Mumbai," 9,391"
869,IndiGo,19:55,06:05,10 h 10 m,Thiruvananthapuram,Kolkata,1 stop via Hyderabad," 9,391"
870,IndiGo,06:50,17:20,10 h 30 m,Thiruvananthapuram,Kolkata,1 stop via New Delhi," 10,567"
871,IndiGo,06:50,19:40,12 h 50 m,Thiruvananthapuram,Kolkata,1 stop via New Delhi," 10,567"
872,Vistara,12:00,19:35,07 h 35 m,Thiruvananthapuram,Kolkata,1 stop via New Delhi," 14,352"
873,Vistara,12:00,22:45,10 h 45 m,Thiruvananthapuram,Kolkata,1 stop via New Delhi," 14,352"
874,Air India,21:10,20:05,22 h 55 m,Thiruvananthapuram,Kolkata,"3 stop via New Delhi,Raipur,Jharsuguda"," 17,891"
875,Air India,21:10,18:00,20 h 50 m,Thiruvananthapuram,Kolkata,"2 stop via New Delhi,Guwahati"," 18,201"
876,Air India,21:10,19:25,22 h 15 m,Thiruvananthapuram,Kolkata,"2 stop via New Delhi,Guwahati"," 18,201"
877,Spicejet,12:10,19:55,07 h 45 m,Thiruvananthapuram,Kolkata,1 stop via Bengaluru," 9,336"
878,Spicejet,12:10,08:30,20 h 20 m,Thiruvananthapuram,Kolkata,1 stop via Bengaluru," 9,336"
879,IndiGo,10:35,17:45,07 h 10 m,Thiruvananthapuram,Kolkata,1 stop via Bengaluru," 9,338"
880,IndiGo,10:35,20:40,10 h 05 m,Thiruvananthapuram,Kolkata,1 stop via Bengaluru," 9,338"
881,IndiGo,18:00,00:10,06 h 10 m,Thiruvananthapuram,Kolkata,1 stop via Bengaluru," 9,338"
882,IndiGo,19:55,06:05,10 h 10 m,Thiruvananthapuram,Kolkata,1 stop via Hyderabad," 9,391"
883,"IndiGo, Spicejet",10:35,21:10,10 h 35 m,Thiruvananthapuram,Kolkata,"2 stop via Bengaluru,Chennai"," 9,759"
884,Vistara,12:00,20:45,08 h 45 m,Thiruvananthapuram,Kolkata,"2 stop via New Delhi,Lucknow"," 14,352"
885,Air India,20:15,12:10,15 h 55 m,Thiruvananthapuram,Kolkata,"2 stop via Mumbai,Patna"," 14,799"
886,Air India,20:15,20:05,23 h 50 m,Thiruvananthapuram,Kolkata,"3 stop via Mumbai,Raipur,Jharsuguda"," 15,547"
887,Air India,20:15,00:05,27 h 50 m,Thiruvananthapuram,Kolkata,"3 stop via Mumbai,Indore,New Delhi"," 17,529"
888,Air India,20:15,00:05,27 h 50 m,Thiruvananthapuram,Kolkata,"2 stop via Mumbai,New Delhi"," 17,529"
889,Air India,20:15,00:05,27 h 50 m,Thiruvananthapuram,Kolkata,"2 stop via Mumbai,New Delhi"," 17,529"
890,IndiGo,18:00,00:10,06 h 10 m,Thiruvananthapuram,Kolkata,1 stop via Bengaluru," 9,338"
891,IndiGo,10:35,17:45,07 h 10 m,Thiruvananthapuram,Kolkata,1 stop via Bengaluru," 9,391"
892,IndiGo,10:35,20:40,10 h 05 m,Thiruvananthapuram,Kolkata,1 stop via Bengaluru," 9,391"
893,IndiGo,12:45,00:10,11 h 25 m,Thiruvananthapuram,Kolkata,1 stop via Mumbai," 9,391"
894,IndiGo,11:30,00:10,12 h 40 m,Thiruvananthapuram,Kolkata,1 stop via Mumbai," 9,391"
895,IndiGo,19:55,06:05,10 h 10 m,Thiruvananthapuram,Kolkata,1 stop via Hyderabad," 9,391"
896,"IndiGo, Spicejet",10:35,21:10,10 h 35 m,Thiruvananthapuram,Kolkata,"2 stop via Bengaluru,Chennai"," 9,917"
897,Air India,21:10,09:00,11 h 50 m,Thiruvananthapuram,Kolkata,1 stop via New Delhi," 13,469"
898,Air India,21:10,14:30,17 h 20 m,Thiruvananthapuram,Kolkata,1 stop via New Delhi," 13,469"
899,Vistara,12:00,20:45,08 h 45 m,Thiruvananthapuram,Kolkata,"2 stop via New Delhi,Lucknow"," 14,352"
900,Air India,21:10,18:00,20 h 50 m,Thiruvananthapuram,Kolkata,"2 stop via New Delhi,Guwahati"," 18,201"
901,Air India,21:10,19:25,22 h 15 m,Thiruvananthapuram,Kolkata,"2 stop via New Delhi,Guwahati"," 18,201"
902,Air India,21:10,20:05,22 h 55 m,Thiruvananthapuram,Kolkata,"3 stop via New Delhi,Raipur,Jharsuguda"," 18,784"
903,Vistara,12:00,09:40,21 h 40 m,Thiruvananthapuram,Kolkata,"2 stop via New Delhi,Mumbai"," 21,387"
904,Vistara,12:00,09:40,21 h 40 m,Thiruvananthapuram,Kolkata,"2 stop via New Delhi,Mumbai"," 21,387"
905,Vistara,12:00,09:40,21 h 40 m,Thiruvananthapuram,Kolkata,"2 stop via New Delhi,Mumbai"," 21,387"
906,Vistara,12:00,09:40,21 h 40 m,Thiruvananthapuram,Kolkata,"2 stop via New Delhi,Mumbai"," 21,387"
907,Star Air,07:05,08:05,01 h,Bengaluru,Hyderabad,Non stop," 4,337"
908,Go First,10:50,21:25,10 h 35 m,Bengaluru,Hyderabad,1 stop via Mumbai," 4,337"
909,,,,,,,,
910,,,,,,,,
911,,,,,,,,
912,,,,,,,,
913,,,,,,,,
914,IndiGo,09:20,10:40,01 h 20 m,Bengaluru,Hyderabad,Non stop," 4,338"
915,IndiGo,13:05,14:15,01 h 10 m,Bengaluru,Hyderabad,Non stop," 4,338"
916,IndiGo,16:20,17:50,01 h 30 m,Bengaluru,Hyderabad,Non stop," 4,338"
917,IndiGo,19:20,20:25,01 h 05 m,Bengaluru,Hyderabad,Non stop," 4,338"
918,Air India,06:30,07:50,01 h 20 m,Bengaluru,Hyderabad,Non stop," 4,339"
919,AirAsia,07:35,08:45,01 h 10 m,Bengaluru,Hyderabad,Non stop," 4,339"
920,AirAsia,14:30,15:35,01 h 05 m,Bengaluru,Hyderabad,Non stop," 4,339"
921,IndiGo,10:25,15:10,04 h 45 m,Bengaluru,Hyderabad,1 stop via Tirupati," 5,488"
922,,,,,,,,
923,,,,,,,,
924,,,,,,,,
925,,,,,,,,
926,,,,,,,,
927,,,,,,,,
928,,,,,,,,
929,,,,,,,,
930,Go First,06:30,21:50,15 h 20 m,Bengaluru,Hyderabad,1 stop via New Delhi," 4,337"
931,,,,,,,,
932,,,,,,,,
933,,,,,,,,
934,IndiGo,06:10,07:20,01 h 10 m,Bengaluru,Hyderabad,Non stop," 4,338"
935,IndiGo,09:20,10:40,01 h 20 m,Bengaluru,Hyderabad,Non stop," 4,338"
936,IndiGo,13:05,14:15,01 h 10 m,Bengaluru,Hyderabad,Non stop," 4,338"
937,IndiGo,16:20,17:50,01 h 30 m,Bengaluru,Hyderabad,Non stop," 4,338"
938,IndiGo,19:20,20:25,01 h 05 m,Bengaluru,Hyderabad,Non stop," 4,338"
939,IndiGo,10:25,15:10,04 h 45 m,Bengaluru,Hyderabad,1 stop via Tirupati," 4,338"
940,AirAsia,07:35,08:45,01 h 10 m,Bengaluru,Hyderabad,Non stop," 4,339"
941,AirAsia,14:30,15:35,01 h 05 m,Bengaluru,Hyderabad,Non stop," 4,339"
942,Air India,18:50,20:15,01 h 25 m,Bengaluru,Hyderabad,Non stop," 4,339"
943,Air India,15:15,19:00,03 h 45 m,Bengaluru,Hyderabad,1 stop via Kolhapur," 4,339"
944,,,,,,,,
945,,,,,,,,
946,,,,,,,,
947,,,,,,,,
948,,,,,,,,
949,,,,,,,,
950,,,,,,,,
951,,,,,,,,
952,,,,,,,,
953,,,,,,,,
954,,,,,,,,
955,Star Air,07:05,08:05,01 h,Bengaluru,Hyderabad,Non stop," 4,337"
956,Go First,10:50,21:25,10 h 35 m,Bengaluru,Hyderabad,1 stop via Mumbai," 4,337"
957,Go First,06:30,21:25,14 h 55 m,Bengaluru,Hyderabad,1 stop via Mumbai," 4,337"
958,Go First,07:20,21:50,14 h 30 m,Bengaluru,Hyderabad,1 stop via New Delhi," 4,337"
959,Go First,22:00,09:30,11 h 30 m,Bengaluru,Hyderabad,1 stop via New Delhi," 4,337"
960,IndiGo,06:10,07:20,01 h 10 m,Bengaluru,Hyderabad,Non stop," 4,338"
961,IndiGo,09:20,10:40,01 h 20 m,Bengaluru,Hyderabad,Non stop," 4,338"
962,IndiGo,13:05,14:15,01 h 10 m,Bengaluru,Hyderabad,Non stop," 4,338"
963,IndiGo,16:20,17:50,01 h 30 m,Bengaluru,Hyderabad,Non stop," 4,338"
964,IndiGo,19:20,20:25,01 h 05 m,Bengaluru,Hyderabad,Non stop," 4,338"
965,IndiGo,09:20,13:10,03 h 50 m,Bengaluru,Hyderabad,1 stop via Chennai," 4,338"
966,IndiGo,06:20,13:30,07 h 10 m,Bengaluru,Hyderabad,1 stop via Vijayawada," 4,338"
967,IndiGo,14:45,19:20,04 h 35 m,Bengaluru,Hyderabad,1 stop via Vijayawada," 4,338"
968,IndiGo,14:50,20:55,06 h 05 m,Bengaluru,Hyderabad,1 stop via Chennai," 4,338"
969,AirAsia,07:35,08:45,01 h 10 m,Bengaluru,Hyderabad,Non stop," 4,339"
970,Air India,07:35,08:50,01 h 15 m,Bengaluru,Hyderabad,Non stop," 4,339"
971,AirAsia,14:30,15:35,01 h 05 m,Bengaluru,Hyderabad,Non stop," 4,339"
972,IndiGo,10:25,15:10,04 h 45 m,Bengaluru,Hyderabad,1 stop via Tirupati," 6,638"
973,Vistara,09:30,20:55,11 h 25 m,Bengaluru,Hyderabad,1 stop via Mumbai," 7,813"
974,Go First,15:45,23:20,07 h 35 m,Bengaluru,Hyderabad,1 stop via Goa," 8,118"
975,Star Air,14:35,19:40,05 h 05 m,Bengaluru,Hyderabad,1 stop via Jamnagar," 8,782"
976,Vistara,07:00,12:35,05 h 35 m,Bengaluru,Hyderabad,1 stop via New Delhi," 11,205"
977,Vistara,09:45,17:00,07 h 15 m,Bengaluru,Hyderabad,1 stop via New Delhi," 11,205"
978,Go First,16:45,06:55,14 h 10 m,Bengaluru,Hyderabad,1 stop via Mumbai," 4,337"
979,Go First,22:00,09:30,11 h 30 m,Bengaluru,Hyderabad,1 stop via New Delhi," 4,337"
980,IndiGo,06:10,07:20,01 h 10 m,Bengaluru,Hyderabad,Non stop," 4,338"
981,IndiGo,09:20,10:40,01 h 20 m,Bengaluru,Hyderabad,Non stop," 4,338"
982,IndiGo,13:05,14:15,01 h 10 m,Bengaluru,Hyderabad,Non stop," 4,338"
983,IndiGo,16:20,17:50,01 h 30 m,Bengaluru,Hyderabad,Non stop," 4,338"
984,IndiGo,19:20,20:25,01 h 05 m,Bengaluru,Hyderabad,Non stop," 4,338"
985,IndiGo,09:20,13:10,03 h 50 m,Bengaluru,Hyderabad,1 stop via Chennai," 4,338"
986,,,,,,,,
987,,,,,,,,
988,,,,,,,,
989,AirAsia,07:35,08:45,01 h 10 m,Bengaluru,Hyderabad,Non stop," 4,339"
990,AirAsia,14:30,15:35,01 h 05 m,Bengaluru,Hyderabad,Non stop," 4,339"
991,Air India,18:50,20:15,01 h 25 m,Bengaluru,Hyderabad,Non stop," 4,339"
992,Air India,09:30,21:05,11 h 35 m,Bengaluru,Hyderabad,1 stop via Mysore," 5,183"
993,,,,,,,,
994,,,,,,,,
995,,,,,,,,
996,,,,,,,,
997,,,,,,,,
998,,,,,,,,
999,,,,,,,,
1000,,,,,,,,
1001,,,,,,,,
1002,,,,,,,,
1003,,,,,,,,
1004,Star Air,07:05,08:05,01 h,Bengaluru,Hyderabad,Non stop," 4,337"
1005,Go First,10:50,21:25,10 h 35 m,Bengaluru,Hyderabad,1 stop via Mumbai," 4,337"
1006,,,,,,,,
1007,,,,,,,,
1008,,,,,,,,
1009,,,,,,,,
1010,,,,,,,,
1011,IndiGo,06:10,07:20,01 h 10 m,Bengaluru,Hyderabad,Non stop," 4,338"
1012,IndiGo,09:20,10:40,01 h 20 m,Bengaluru,Hyderabad,Non stop," 4,338"
1013,IndiGo,13:05,14:15,01 h 10 m,Bengaluru,Hyderabad,Non stop," 4,338"
1014,IndiGo,16:20,17:50,01 h 30 m,Bengaluru,Hyderabad,Non stop," 4,338"
1015,IndiGo,19:20,20:25,01 h 05 m,Bengaluru,Hyderabad,Non stop," 4,338"
1016,IndiGo,09:20,13:10,03 h 50 m,Bengaluru,Hyderabad,1 stop via Chennai," 4,338"
1017,,,,,,,,
1018,,,,,,,,
1019,,,,,,,,
1020,,,,,,,,
1021,Air India,06:30,07:50,01 h 20 m,Bengaluru,Hyderabad,Non stop," 4,339"
1022,AirAsia,07:35,08:45,01 h 10 m,Bengaluru,Hyderabad,Non stop," 4,339"
1023,AirAsia,12:50,14:00,01 h 10 m,Bengaluru,Hyderabad,Non stop," 4,339"
1024,AirAsia,14:30,15:35,01 h 05 m,Bengaluru,Hyderabad,Non stop," 4,339"
1025,Air India,15:15,19:00,03 h 45 m,Bengaluru,Hyderabad,1 stop via Kolhapur," 4,339"
1026,,,,,,,,
1027,,,,,,,,
1028,,,,,,,,
1029,,,,,,,,
1030,,,,,,,,
1031,,,,,,,,
1032,,,,,,,,
1033,,,,,,,,
1034,Go First,10:50,21:25,10 h 35 m,Bengaluru,Hyderabad,1 stop via Mumbai," 4,337"
1035,Go First,06:30,21:25,14 h 55 m,Bengaluru,Hyderabad,1 stop via Mumbai," 4,337"
1036,Go First,22:00,09:30,11 h 30 m,Bengaluru,Hyderabad,1 stop via New Delhi," 4,337"
1037,IndiGo,06:10,07:20,01 h 10 m,Bengaluru,Hyderabad,Non stop," 4,338"
1038,IndiGo,09:20,10:40,01 h 20 m,Bengaluru,Hyderabad,Non stop," 4,338"
1039,IndiGo,13:05,14:15,01 h 10 m,Bengaluru,Hyderabad,Non stop," 4,338"
1040,IndiGo,16:20,17:50,01 h 30 m,Bengaluru,Hyderabad,Non stop," 4,338"
1041,IndiGo,19:20,20:25,01 h 05 m,Bengaluru,Hyderabad,Non stop," 4,338"
1042,IndiGo,09:20,13:10,03 h 50 m,Bengaluru,Hyderabad,1 stop via Chennai," 4,338"
1043,IndiGo,06:20,13:30,07 h 10 m,Bengaluru,Hyderabad,1 stop via Vijayawada," 4,338"
1044,IndiGo,14:45,19:20,04 h 35 m,Bengaluru,Hyderabad,1 stop via Vijayawada," 4,338"
1045,IndiGo,14:50,20:55,06 h 05 m,Bengaluru,Hyderabad,1 stop via Chennai," 4,338"
1046,Air India,06:30,07:50,01 h 20 m,Bengaluru,Hyderabad,Non stop," 4,339"
1047,AirAsia,07:35,08:45,01 h 10 m,Bengaluru,Hyderabad,Non stop," 4,339"
1048,AirAsia,14:30,15:35,01 h 05 m,Bengaluru,Hyderabad,Non stop," 4,339"
1049,Air India,18:50,20:15,01 h 25 m,Bengaluru,Hyderabad,Non stop," 4,339"
1050,Air India,15:15,19:00,03 h 45 m,Bengaluru,Hyderabad,1 stop via Kolhapur," 4,339"
1051,IndiGo,10:25,15:10,04 h 45 m,Bengaluru,Hyderabad,1 stop via Tirupati," 4,721"
1052,Air India,09:30,21:05,11 h 35 m,Bengaluru,Hyderabad,1 stop via Mysore," 4,830"
1053,Air India,07:55,20:50,12 h 55 m,Bengaluru,Hyderabad,1 stop via Vijayawada," 7,532"
1054,Vistara,09:30,20:55,11 h 25 m,Bengaluru,Hyderabad,1 stop via Mumbai," 7,813"
1055,Go First,15:45,23:20,07 h 35 m,Bengaluru,Hyderabad,1 stop via Goa," 8,434"
1056,Vistara,07:00,12:35,05 h 35 m,Bengaluru,Hyderabad,1 stop via New Delhi," 11,205"
1057,Vistara,09:45,17:00,07 h 15 m,Bengaluru,Hyderabad,1 stop via New Delhi," 11,205"
1058,Vistara,11:30,19:55,08 h 25 m,Bengaluru,Hyderabad,1 stop via New Delhi," 11,205"
1059,Vistara,21:10,09:40,12 h 30 m,Bengaluru,Hyderabad,1 stop via New Delhi," 11,205"
1060,Go First,06:05,07:55,01 h 50 m,Hyderabad,Kolkata,Non stop," 5,292"
1061,Go First,07:30,09:45,02 h 15 m,Hyderabad,Kolkata,Non stop," 5,292"
1062,Go First,22:00,00:15,02 h 15 m,Hyderabad,Kolkata,Non stop," 5,292"
1063,Spicejet,13:20,17:55,04 h 35 m,Hyderabad,Kolkata,1 stop via Jharsuguda," 5,292"
1064,,,,,,,,
1065,,,,,,,,
1066,,,,,,,,
1067,,,,,,,,
1068,,,,,,,,
1069,,,,,,,,
1070,IndiGo,05:45,07:55,02 h 10 m,Hyderabad,Kolkata,Non stop," 5,293"
1071,Air India,06:00,08:05,02 h 05 m,Hyderabad,Kolkata,Non stop," 5,293"
1072,IndiGo,11:15,13:20,02 h 05 m,Hyderabad,Kolkata,Non stop," 5,293"
1073,IndiGo,17:15,19:15,02 h,Hyderabad,Kolkata,Non stop," 5,293"
1074,IndiGo,20:35,22:40,02 h 05 m,Hyderabad,Kolkata,Non stop," 5,293"
1075,IndiGo,12:45,16:55,04 h 10 m,Hyderabad,Kolkata,1 stop via Visakhapatnam," 5,293"
1076,,,,,,,,
1077,,,,,,,,
1078,,,,,,,,
1079,,,,,,,,
1080,,,,,,,,
1081,,,,,,,,
1082,,,,,,,,
1083,,,,,,,,
1084,Go First,06:05,07:55,01 h 50 m,Hyderabad,Kolkata,Non stop," 5,292"
1085,Spicejet,13:20,17:55,04 h 35 m,Hyderabad,Kolkata,1 stop via Jharsuguda," 5,292"
1086,,,,,,,,
1087,,,,,,,,
1088,,,,,,,,
1089,,,,,,,,
1090,,,,,,,,
1091,,,,,,,,
1092,IndiGo,03:55,06:05,02 h 10 m,Hyderabad,Kolkata,Non stop," 5,293"
1093,IndiGo,05:45,07:55,02 h 10 m,Hyderabad,Kolkata,Non stop," 5,293"
1094,Air India,06:00,08:05,02 h 05 m,Hyderabad,Kolkata,Non stop," 5,293"
1095,IndiGo,11:15,13:20,02 h 05 m,Hyderabad,Kolkata,Non stop," 5,293"
1096,IndiGo,17:15,19:15,02 h,Hyderabad,Kolkata,Non stop," 5,293"
1097,IndiGo,20:35,22:40,02 h 05 m,Hyderabad,Kolkata,Non stop," 5,293"
1098,IndiGo,09:55,17:10,07 h 15 m,Hyderabad,Kolkata,1 stop via Chennai," 5,293"
1099,,,,,,,,
1100,,,,,,,,
1101,,,,,,,,
1102,,,,,,,,
1103,,,,,,,,
1104,,,,,,,,
1105,,,,,,,,
1106,,,,,,,,
1107,,,,,,,,
1108,,,,,,,,
1109,Go First,06:05,07:55,01 h 50 m,Hyderabad,Kolkata,Non stop," 5,292"
1110,Go First,07:30,09:45,02 h 15 m,Hyderabad,Kolkata,Non stop," 5,292"
1111,Go First,22:00,00:15,02 h 15 m,Hyderabad,Kolkata,Non stop," 5,292"
1112,Spicejet,13:20,17:55,04 h 35 m,Hyderabad,Kolkata,1 stop via Jharsuguda," 5,292"
1113,,,,,,,,
1114,,,,,,,,
1115,,,,,,,,
1116,,,,,,,,
1117,,,,,,,,
1118,,,,,,,,
1119,,,,,,,,
1120,IndiGo,03:55,06:05,02 h 10 m,Hyderabad,Kolkata,Non stop," 5,293"
1121,IndiGo,05:45,07:55,02 h 10 m,Hyderabad,Kolkata,Non stop," 5,293"
1122,IndiGo,11:15,13:20,02 h 05 m,Hyderabad,Kolkata,Non stop," 5,293"
1123,IndiGo,17:15,19:15,02 h,Hyderabad,Kolkata,Non stop," 5,293"
1124,IndiGo,20:35,22:40,02 h 05 m,Hyderabad,Kolkata,Non stop," 5,293"
1125,IndiGo,12:45,16:55,04 h 10 m,Hyderabad,Kolkata,1 stop via Visakhapatnam," 5,293"
1126,,,,,,,,
1127,,,,,,,,
1128,,,,,,,,
1129,,,,,,,,
1130,,,,,,,,
1131,,,,,,,,
1132,,,,,,,,
1133,Air India,06:00,08:05,02 h 05 m,Hyderabad,Kolkata,Non stop," 5,608"
1134,AirAsia,14:20,19:45,05 h 25 m,Hyderabad,Kolkata,1 stop via Bengaluru," 9,099"
1135,Vistara,13:25,20:45,07 h 20 m,Hyderabad,Kolkata,"2 stop via New Delhi,Lucknow"," 10,069"
1136,Go First,06:05,07:55,01 h 50 m,Hyderabad,Kolkata,Non stop," 5,292"
1137,Spicejet,13:20,17:55,04 h 35 m,Hyderabad,Kolkata,1 stop via Jharsuguda," 5,292"
1138,,,,,,,,
1139,,,,,,,,
1140,,,,,,,,
1141,,,,,,,,
1142,,,,,,,,
1143,IndiGo,03:55,06:05,02 h 10 m,Hyderabad,Kolkata,Non stop," 5,293"
1144,IndiGo,05:45,07:55,02 h 10 m,Hyderabad,Kolkata,Non stop," 5,293"
1145,Air India,06:00,08:05,02 h 05 m,Hyderabad,Kolkata,Non stop," 5,293"
1146,IndiGo,11:15,13:20,02 h 05 m,Hyderabad,Kolkata,Non stop," 5,293"
1147,IndiGo,17:15,19:15,02 h,Hyderabad,Kolkata,Non stop," 5,293"
1148,IndiGo,20:35,22:40,02 h 05 m,Hyderabad,Kolkata,Non stop," 5,293"
1149,IndiGo,09:55,17:10,07 h 15 m,Hyderabad,Kolkata,1 stop via Chennai," 5,293"
1150,,,,,,,,
1151,,,,,,,,
1152,,,,,,,,
1153,,,,,,,,
1154,,,,,,,,
1155,,,,,,,,
1156,,,,,,,,
1157,,,,,,,,
1158,,,,,,,,
1159,,,,,,,,
1160,Go First,06:05,07:55,01 h 50 m,Hyderabad,Kolkata,Non stop," 5,292"
1161,Go First,07:30,09:45,02 h 15 m,Hyderabad,Kolkata,Non stop," 5,292"
1162,Go First,22:00,00:15,02 h 15 m,Hyderabad,Kolkata,Non stop," 5,292"
1163,Spicejet,13:20,17:55,04 h 35 m,Hyderabad,Kolkata,1 stop via Jharsuguda," 5,292"
1164,,,,,,,,
1165,,,,,,,,
1166,,,,,,,,
1167,,,,,,,,
1168,,,,,,,,
1169,IndiGo,03:55,06:05,02 h 10 m,Hyderabad,Kolkata,Non stop," 5,293"
1170,IndiGo,05:45,07:55,02 h 10 m,Hyderabad,Kolkata,Non stop," 5,293"
1171,IndiGo,11:15,13:20,02 h 05 m,Hyderabad,Kolkata,Non stop," 5,293"
1172,IndiGo,17:15,19:15,02 h,Hyderabad,Kolkata,Non stop," 5,293"
1173,IndiGo,20:35,22:40,02 h 05 m,Hyderabad,Kolkata,Non stop," 5,293"
1174,IndiGo,12:45,16:55,04 h 10 m,Hyderabad,Kolkata,1 stop via Visakhapatnam," 5,293"
1175,,,,,,,,
1176,,,,,,,,
1177,,,,,,,,
1178,,,,,,,,
1179,,,,,,,,
1180,,,,,,,,
1181,,,,,,,,
1182,,,,,,,,
1183,,,,,,,,
1184,,,,,,,,
1185,Air India,06:00,08:05,02 h 05 m,Hyderabad,Kolkata,Non stop," 5,608"
1186,AirAsia,14:20,19:45,05 h 25 m,Hyderabad,Kolkata,1 stop via Bengaluru," 8,474"
1187,Vistara,13:25,20:45,07 h 20 m,Hyderabad,Kolkata,"2 stop via New Delhi,Lucknow"," 10,069"
1188,Go First,06:05,07:55,01 h 50 m,Hyderabad,Kolkata,Non stop," 5,292"
1189,Go First,07:30,09:45,02 h 15 m,Hyderabad,Kolkata,Non stop," 5,292"
1190,Go First,22:00,00:15,02 h 15 m,Hyderabad,Kolkata,Non stop," 5,292"
1191,Spicejet,13:20,17:55,04 h 35 m,Hyderabad,Kolkata,1 stop via Jharsuguda," 5,292"
1192,Spicejet,08:00,18:45,10 h 45 m,Hyderabad,Kolkata,1 stop via Patna," 5,292"
1193,Spicejet,16:10,19:35,03 h 25 m,Hyderabad,Kolkata,1 stop via Visakhapatnam," 5,292"
1194,Go First,10:35,22:20,11 h 45 m,Hyderabad,Kolkata,1 stop via Jaipur," 5,292"
1195,Spicejet,16:10,00:30,08 h 20 m,Hyderabad,Kolkata,1 stop via Visakhapatnam," 5,292"
1196,Go First,22:20,08:00,09 h 40 m,Hyderabad,Kolkata,1 stop via New Delhi," 5,292"
1197,IndiGo,03:55,06:05,02 h 10 m,Hyderabad,Kolkata,Non stop," 5,293"
1198,IndiGo,05:45,07:55,02 h 10 m,Hyderabad,Kolkata,Non stop," 5,293"
1199,Air India,06:00,08:05,02 h 05 m,Hyderabad,Kolkata,Non stop," 5,293"
1200,IndiGo,17:15,19:15,02 h,Hyderabad,Kolkata,Non stop," 5,293"
1201,IndiGo,20:35,22:40,02 h 05 m,Hyderabad,Kolkata,Non stop," 5,293"
1202,IndiGo,12:45,16:55,04 h 10 m,Hyderabad,Kolkata,1 stop via Visakhapatnam," 5,293"
1203,IndiGo,07:15,16:55,09 h 40 m,Hyderabad,Kolkata,1 stop via Visakhapatnam," 5,293"
1204,IndiGo,09:55,17:10,07 h 15 m,Hyderabad,Kolkata,1 stop via Chennai," 5,293"
1205,IndiGo,13:45,19:50,06 h 05 m,Hyderabad,Kolkata,1 stop via Raipur," 5,293"
1206,IndiGo,14:05,20:15,06 h 10 m,Hyderabad,Kolkata,1 stop via Patna," 5,293"
1207,IndiGo,13:35,22:00,08 h 25 m,Hyderabad,Kolkata,1 stop via Chennai," 5,293"
1208,IndiGo,14:50,22:55,08 h 05 m,Hyderabad,Kolkata,1 stop via Bhubaneswar," 5,293"
1209,IndiGo,11:15,13:20,02 h 05 m,Hyderabad,Kolkata,Non stop," 5,755"
1210,IndiGo,15:50,20:55,05 h 05 m,Hyderabad,Kolkata,1 stop via Varanasi," 6,207"
1211,AirAsia,14:20,19:45,05 h 25 m,Hyderabad,Kolkata,1 stop via Bengaluru," 8,474"
1212,Vistara,13:25,20:45,07 h 20 m,Hyderabad,Kolkata,"2 stop via New Delhi,Lucknow"," 10,069"
1213,Go First,06:00,08:10,02 h 10 m,Mumbai,New Delhi,Non stop," 5,942"
1214,Go First,08:20,10:30,02 h 10 m,Mumbai,New Delhi,Non stop," 5,942"
1215,Go First,09:55,12:10,02 h 15 m,Mumbai,New Delhi,Non stop," 5,942"
1216,Go First,13:30,15:45,02 h 15 m,Mumbai,New Delhi,Non stop," 5,942"
1217,Go First,15:45,18:00,02 h 15 m,Mumbai,New Delhi,Non stop," 5,942"
1218,Go First,18:00,20:10,02 h 10 m,Mumbai,New Delhi,Non stop," 5,942"
1219,Go First,20:15,22:25,02 h 10 m,Mumbai,New Delhi,Non stop," 5,942"
1220,Go First,22:05,00:20,02 h 15 m,Mumbai,New Delhi,Non stop," 5,942"
1221,Go First,23:45,02:00,02 h 15 m,Mumbai,New Delhi,Non stop," 5,942"
1222,Go First,05:25,09:50,04 h 25 m,Mumbai,New Delhi,1 stop via Ahmedabad," 5,942"
1223,,,,,,,,
1224,,,,,,,,
1225,,,,,,,,
1226,,,,,,,,
1227,,,,,,,,
1228,,,,,,,,
1229,,,,,,,,
1230,,,,,,,,
1231,,,,,,,,
1232,,,,,,,,
1233,,,,,,,,
1234,,,,,,,,
1235,,,,,,,,
1236,,,,,,,,
1237,,,,,,,,
1238,,,,,,,,
1239,,,,,,,,
1240,IndiGo,05:00,07:05,02 h 05 m,Mumbai,New Delhi,Non stop," 5,943"
1241,Spicejet,07:20,09:35,02 h 15 m,Mumbai,New Delhi,Non stop," 5,943"
1242,Air India,08:00,10:15,02 h 15 m,Mumbai,New Delhi,Non stop," 5,943"
1243,IndiGo,08:30,10:25,01 h 55 m,Mumbai,New Delhi,Non stop," 5,943"
1244,IndiGo,09:20,11:30,02 h 10 m,Mumbai,New Delhi,Non stop," 5,943"
1245,Air India,10:00,12:15,02 h 15 m,Mumbai,New Delhi,Non stop," 5,943"
1246,IndiGo,11:45,14:00,02 h 15 m,Mumbai,New Delhi,Non stop," 5,943"
1247,Air India,16:00,18:15,02 h 15 m,Mumbai,New Delhi,Non stop," 5,943"
1248,IndiGo,17:15,19:20,02 h 05 m,Mumbai,New Delhi,Non stop," 5,943"
1249,Air India,18:00,20:25,02 h 25 m,Mumbai,New Delhi,Non stop," 5,943"
1250,Air India,19:00,21:15,02 h 15 m,Mumbai,New Delhi,Non stop," 5,943"
1251,IndiGo,19:35,21:25,01 h 50 m,Mumbai,New Delhi,Non stop," 5,943"
1252,Air India,21:30,23:45,02 h 15 m,Mumbai,New Delhi,Non stop," 5,943"
1253,Air India,07:05,10:45,03 h 40 m,Mumbai,New Delhi,1 stop via Indore," 5,943"
1254,Air India,15:35,19:20,03 h 45 m,Mumbai,New Delhi,1 stop via Aurangabad," 5,943"
1255,Vistara,06:00,08:05,02 h 05 m,Mumbai,New Delhi,Non stop," 5,944"
1256,Vistara,06:30,08:35,02 h 05 m,Mumbai,New Delhi,Non stop," 5,944"
1257,Vistara,10:25,12:40,02 h 15 m,Mumbai,New Delhi,Non stop," 5,944"
1258,Vistara,12:25,14:30,02 h 05 m,Mumbai,New Delhi,Non stop," 5,944"
1259,Vistara,14:40,16:55,02 h 15 m,Mumbai,New Delhi,Non stop," 5,944"
1260,Vistara,15:45,18:05,02 h 20 m,Mumbai,New Delhi,Non stop," 5,944"
1261,Vistara,18:30,20:40,02 h 10 m,Mumbai,New Delhi,Non stop," 5,944"
1262,Vistara,19:45,21:55,02 h 10 m,Mumbai,New Delhi,Non stop," 5,944"
1263,Vistara,20:55,23:00,02 h 05 m,Mumbai,New Delhi,Non stop," 5,944"
1264,Vistara,22:45,00:55,02 h 10 m,Mumbai,New Delhi,Non stop," 5,944"
1265,Spicejet,13:50,18:35,04 h 45 m,Mumbai,New Delhi,1 stop via Jodhpur," 6,048"
1266,,,,,,,,
1267,,,,,,,,
1268,,,,,,,,
1269,,,,,,,,
1270,Go First,06:00,08:10,02 h 10 m,Mumbai,New Delhi,Non stop," 5,942"
1271,Go First,08:20,10:30,02 h 10 m,Mumbai,New Delhi,Non stop," 5,942"
1272,Go First,10:45,13:00,02 h 15 m,Mumbai,New Delhi,Non stop," 5,942"
1273,Go First,13:30,15:45,02 h 15 m,Mumbai,New Delhi,Non stop," 5,942"
1274,Go First,15:45,18:00,02 h 15 m,Mumbai,New Delhi,Non stop," 5,942"
1275,Go First,18:00,20:10,02 h 10 m,Mumbai,New Delhi,Non stop," 5,942"
1276,Go First,22:05,00:20,02 h 15 m,Mumbai,New Delhi,Non stop," 5,942"
1277,Go First,23:45,02:00,02 h 15 m,Mumbai,New Delhi,Non stop," 5,942"
1278,IndiGo,06:05,10:25,04 h 20 m,Mumbai,New Delhi,1 stop via Udaipur," 5,942"
1279,,,,,,,,
1280,,,,,,,,
1281,,,,,,,,
1282,,,,,,,,
1283,,,,,,,,
1284,,,,,,,,
1285,,,,,,,,
1286,,,,,,,,
1287,,,,,,,,
1288,,,,,,,,
1289,,,,,,,,
1290,,,,,,,,
1291,,,,,,,,
1292,,,,,,,,
1293,,,,,,,,
1294,IndiGo,06:00,08:10,02 h 10 m,Mumbai,New Delhi,Non stop," 5,943"
1295,Spicejet,07:20,09:35,02 h 15 m,Mumbai,New Delhi,Non stop," 5,943"
1296,IndiGo,07:45,09:50,02 h 05 m,Mumbai,New Delhi,Non stop," 5,943"
1297,Air India,08:00,10:15,02 h 15 m,Mumbai,New Delhi,Non stop," 5,943"
1298,Air India,11:30,13:40,02 h 10 m,Mumbai,New Delhi,Non stop," 5,943"
1299,IndiGo,11:45,14:00,02 h 15 m,Mumbai,New Delhi,Non stop," 5,943"
1300,Air India,16:00,18:15,02 h 15 m,Mumbai,New Delhi,Non stop," 5,943"
1301,IndiGo,17:15,19:20,02 h 05 m,Mumbai,New Delhi,Non stop," 5,943"
1302,Air India,18:00,20:25,02 h 25 m,Mumbai,New Delhi,Non stop," 5,943"
1303,Air India,19:00,21:15,02 h 15 m,Mumbai,New Delhi,Non stop," 5,943"
1304,Spicejet,19:25,21:50,02 h 25 m,Mumbai,New Delhi,Non stop," 5,943"
1305,IndiGo,19:35,21:25,01 h 50 m,Mumbai,New Delhi,Non stop," 5,943"
1306,Air India,21:30,23:45,02 h 15 m,Mumbai,New Delhi,Non stop," 5,943"
1307,Air India,07:05,10:45,03 h 40 m,Mumbai,New Delhi,1 stop via Indore," 5,943"
1308,Air India,15:35,19:20,03 h 45 m,Mumbai,New Delhi,1 stop via Aurangabad," 5,943"
1309,Vistara,06:00,08:05,02 h 05 m,Mumbai,New Delhi,Non stop," 5,944"
1310,Vistara,06:30,08:35,02 h 05 m,Mumbai,New Delhi,Non stop," 5,944"
1311,Vistara,10:35,12:50,02 h 15 m,Mumbai,New Delhi,Non stop," 5,944"
1312,Vistara,12:25,14:30,02 h 05 m,Mumbai,New Delhi,Non stop," 5,944"
1313,Vistara,14:40,16:55,02 h 15 m,Mumbai,New Delhi,Non stop," 5,944"
1314,Vistara,15:45,18:05,02 h 20 m,Mumbai,New Delhi,Non stop," 5,944"
1315,Vistara,18:30,20:40,02 h 10 m,Mumbai,New Delhi,Non stop," 5,944"
1316,Vistara,19:45,21:55,02 h 10 m,Mumbai,New Delhi,Non stop," 5,944"
1317,Vistara,20:55,23:00,02 h 05 m,Mumbai,New Delhi,Non stop," 5,944"
1318,Vistara,22:45,00:55,02 h 10 m,Mumbai,New Delhi,Non stop," 5,944"
1319,Spicejet,05:55,10:40,04 h 45 m,Mumbai,New Delhi,1 stop via Jaipur," 8,541"
1320,,,,,,,,
1321,,,,,,,,
1322,,,,,,,,
1323,,,,,,,,
1324,,,,,,,,
1325,,,,,,,,
1326,,,,,,,,
1327,Go First,06:00,08:10,02 h 10 m,Mumbai,New Delhi,Non stop," 5,942"
1328,Go First,08:20,10:30,02 h 10 m,Mumbai,New Delhi,Non stop," 5,942"
1329,Go First,09:55,12:10,02 h 15 m,Mumbai,New Delhi,Non stop," 5,942"
1330,Go First,18:00,20:10,02 h 10 m,Mumbai,New Delhi,Non stop," 5,942"
1331,Go First,21:15,23:30,02 h 15 m,Mumbai,New Delhi,Non stop," 5,942"
1332,Go First,23:45,02:00,02 h 15 m,Mumbai,New Delhi,Non stop," 5,942"
1333,Go First,05:25,09:50,04 h 25 m,Mumbai,New Delhi,1 stop via Ahmedabad," 5,942"
1334,,,,,,,,
1335,,,,,,,,
1336,,,,,,,,
1337,,,,,,,,
1338,,,,,,,,
1339,,,,,,,,
1340,,,,,,,,
1341,,,,,,,,
1342,,,,,,,,
1343,,,,,,,,
1344,,,,,,,,
1345,,,,,,,,
1346,,,,,,,,
1347,,,,,,,,
1348,,,,,,,,
1349,,,,,,,,
1350,,,,,,,,
1351,,,,,,,,
1352,,,,,,,,
1353,IndiGo,06:00,08:10,02 h 10 m,Mumbai,New Delhi,Non stop," 5,943"
1354,IndiGo,07:05,09:20,02 h 15 m,Mumbai,New Delhi,Non stop," 5,943"
1355,Spicejet,07:20,09:35,02 h 15 m,Mumbai,New Delhi,Non stop," 5,943"
1356,Air India,08:00,10:15,02 h 15 m,Mumbai,New Delhi,Non stop," 5,943"
1357,IndiGo,08:30,10:25,01 h 55 m,Mumbai,New Delhi,Non stop," 5,943"
1358,Air India,10:00,12:15,02 h 15 m,Mumbai,New Delhi,Non stop," 5,943"
1359,IndiGo,10:05,12:15,02 h 10 m,Mumbai,New Delhi,Non stop," 5,943"
1360,Air India,16:00,18:15,02 h 15 m,Mumbai,New Delhi,Non stop," 5,943"
1361,IndiGo,17:15,19:20,02 h 05 m,Mumbai,New Delhi,Non stop," 5,943"
1362,Air India,18:00,20:25,02 h 25 m,Mumbai,New Delhi,Non stop," 5,943"
1363,IndiGo,18:30,20:35,02 h 05 m,Mumbai,New Delhi,Non stop," 5,943"
1364,Air India,19:00,21:15,02 h 15 m,Mumbai,New Delhi,Non stop," 5,943"
1365,Spicejet,19:25,21:50,02 h 25 m,Mumbai,New Delhi,Non stop," 5,943"
1366,IndiGo,19:35,21:25,01 h 50 m,Mumbai,New Delhi,Non stop," 5,943"
1367,Air India,21:30,23:45,02 h 15 m,Mumbai,New Delhi,Non stop," 5,943"
1368,Air India,07:05,10:45,03 h 40 m,Mumbai,New Delhi,1 stop via Indore," 5,943"
1369,,,,,,,,
1370,,,,,,,,
1371,,,,,,,,
1372,Vistara,06:00,08:05,02 h 05 m,Mumbai,New Delhi,Non stop," 5,944"
1373,Vistara,06:30,08:35,02 h 05 m,Mumbai,New Delhi,Non stop," 5,944"
1374,Vistara,08:45,11:00,02 h 15 m,Mumbai,New Delhi,Non stop," 5,944"
1375,Vistara,10:25,12:40,02 h 15 m,Mumbai,New Delhi,Non stop," 5,944"
1376,Vistara,12:25,14:30,02 h 05 m,Mumbai,New Delhi,Non stop," 5,944"
1377,Vistara,14:40,16:55,02 h 15 m,Mumbai,New Delhi,Non stop," 5,944"
1378,Vistara,15:45,18:05,02 h 20 m,Mumbai,New Delhi,Non stop," 5,944"
1379,Vistara,18:30,20:40,02 h 10 m,Mumbai,New Delhi,Non stop," 5,944"
1380,Vistara,19:45,21:55,02 h 10 m,Mumbai,New Delhi,Non stop," 5,944"
1381,Vistara,20:55,23:00,02 h 05 m,Mumbai,New Delhi,Non stop," 5,944"
1382,Vistara,22:45,00:55,02 h 10 m,Mumbai,New Delhi,Non stop," 5,944"
1383,IndiGo,11:45,14:00,02 h 15 m,Mumbai,New Delhi,Non stop," 6,363"
1384,Go First,13:30,15:45,02 h 15 m,Mumbai,New Delhi,Non stop," 6,520"
1385,Go First,15:45,18:00,02 h 15 m,Mumbai,New Delhi,Non stop," 6,520"
1386,Vistara,12:15,16:45,04 h 30 m,Mumbai,New Delhi,1 stop via Udaipur," 8,148"
1387,Vistara,10:45,15:40,04 h 55 m,Mumbai,New Delhi,1 stop via Hyderabad," 9,828"
1388,Go First,06:00,08:10,02 h 10 m,Mumbai,New Delhi,Non stop," 5,942"
1389,Go First,08:20,10:30,02 h 10 m,Mumbai,New Delhi,Non stop," 5,942"
1390,Go First,09:55,12:10,02 h 15 m,Mumbai,New Delhi,Non stop," 5,942"
1391,Go First,13:30,15:45,02 h 15 m,Mumbai,New Delhi,Non stop," 5,942"
1392,Go First,15:45,18:00,02 h 15 m,Mumbai,New Delhi,Non stop," 5,942"
1393,Go First,18:00,20:10,02 h 10 m,Mumbai,New Delhi,Non stop," 5,942"
1394,Go First,20:15,22:25,02 h 10 m,Mumbai,New Delhi,Non stop," 5,942"
1395,Go First,21:15,23:30,02 h 15 m,Mumbai,New Delhi,Non stop," 5,942"
1396,Go First,23:45,02:00,02 h 15 m,Mumbai,New Delhi,Non stop," 5,942"
1397,IndiGo,06:05,10:25,04 h 20 m,Mumbai,New Delhi,1 stop via Udaipur," 5,942"
1398,,,,,,,,
1399,,,,,,,,
1400,,,,,,,,
1401,,,,,,,,
1402,,,,,,,,
1403,,,,,,,,
1404,,,,,,,,
1405,,,,,,,,
1406,,,,,,,,
1407,,,,,,,,
1408,,,,,,,,
1409,,,,,,,,
1410,,,,,,,,
1411,,,,,,,,
1412,,,,,,,,
1413,,,,,,,,
1414,,,,,,,,
1415,IndiGo,06:00,08:10,02 h 10 m,Mumbai,New Delhi,Non stop," 5,943"
1416,IndiGo,07:05,09:20,02 h 15 m,Mumbai,New Delhi,Non stop," 5,943"
1417,Spicejet,07:20,09:35,02 h 15 m,Mumbai,New Delhi,Non stop," 5,943"
1418,Air India,08:00,10:15,02 h 15 m,Mumbai,New Delhi,Non stop," 5,943"
1419,Air India,10:00,12:15,02 h 15 m,Mumbai,New Delhi,Non stop," 5,943"
1420,IndiGo,10:05,12:15,02 h 10 m,Mumbai,New Delhi,Non stop," 5,943"
1421,Spicejet,10:15,12:30,02 h 15 m,Mumbai,New Delhi,Non stop," 5,943"
1422,IndiGo,11:45,14:00,02 h 15 m,Mumbai,New Delhi,Non stop," 5,943"
1423,Air India,16:00,18:15,02 h 15 m,Mumbai,New Delhi,Non stop," 5,943"
1424,IndiGo,17:15,19:20,02 h 05 m,Mumbai,New Delhi,Non stop," 5,943"
1425,Air India,18:00,20:25,02 h 25 m,Mumbai,New Delhi,Non stop," 5,943"
1426,IndiGo,18:30,20:35,02 h 05 m,Mumbai,New Delhi,Non stop," 5,943"
1427,Air India,19:00,21:15,02 h 15 m,Mumbai,New Delhi,Non stop," 5,943"
1428,Spicejet,19:25,21:50,02 h 25 m,Mumbai,New Delhi,Non stop," 5,943"
1429,IndiGo,19:35,21:25,01 h 50 m,Mumbai,New Delhi,Non stop," 5,943"
1430,Air India,21:30,23:45,02 h 15 m,Mumbai,New Delhi,Non stop," 5,943"
1431,Spicejet,21:45,23:55,02 h 10 m,Mumbai,New Delhi,Non stop," 5,943"
1432,Spicejet,05:55,10:40,04 h 45 m,Mumbai,New Delhi,1 stop via Jaipur," 5,943"
1433,,,,,,,,
1434,,,,,,,,
1435,,,,,,,,
1436,Vistara,06:00,08:05,02 h 05 m,Mumbai,New Delhi,Non stop," 5,944"
1437,Vistara,06:30,08:35,02 h 05 m,Mumbai,New Delhi,Non stop," 5,944"
1438,Vistara,08:45,11:00,02 h 15 m,Mumbai,New Delhi,Non stop," 5,944"
1439,Vistara,10:25,12:40,02 h 15 m,Mumbai,New Delhi,Non stop," 5,944"
1440,Vistara,12:25,14:30,02 h 05 m,Mumbai,New Delhi,Non stop," 5,944"
1441,Vistara,14:40,16:55,02 h 15 m,Mumbai,New Delhi,Non stop," 5,944"
1442,Vistara,15:45,18:05,02 h 20 m,Mumbai,New Delhi,Non stop," 5,944"
1443,Vistara,18:30,20:40,02 h 10 m,Mumbai,New Delhi,Non stop," 5,944"
1444,Vistara,19:45,21:55,02 h 10 m,Mumbai,New Delhi,Non stop," 5,944"
1445,Vistara,20:55,23:00,02 h 05 m,Mumbai,New Delhi,Non stop," 5,944"
1446,Vistara,22:45,00:55,02 h 10 m,Mumbai,New Delhi,Non stop," 5,944"
1447,Go First,05:25,09:50,04 h 25 m,Mumbai,New Delhi,1 stop via Ahmedabad," 8,857"
1448,,,,,,,,
1449,,,,,,,,
1450,,,,,,,,
1451,,,,,,,,
1452,,,,,,,,
1453,Go First,06:00,08:10,02 h 10 m,Mumbai,New Delhi,Non stop," 5,942"
1454,Go First,08:20,10:30,02 h 10 m,Mumbai,New Delhi,Non stop," 5,942"
1455,Go First,09:55,12:10,02 h 15 m,Mumbai,New Delhi,Non stop," 5,942"
1456,Go First,13:30,15:45,02 h 15 m,Mumbai,New Delhi,Non stop," 5,942"
1457,Go First,15:45,18:00,02 h 15 m,Mumbai,New Delhi,Non stop," 5,942"
1458,Go First,18:00,20:10,02 h 10 m,Mumbai,New Delhi,Non stop," 5,942"
1459,Go First,20:45,22:55,02 h 10 m,Mumbai,New Delhi,Non stop," 5,942"
1460,Go First,21:15,23:30,02 h 15 m,Mumbai,New Delhi,Non stop," 5,942"
1461,Go First,23:45,02:00,02 h 15 m,Mumbai,New Delhi,Non stop," 5,942"
1462,Go First,05:25,09:50,04 h 25 m,Mumbai,New Delhi,1 stop via Ahmedabad," 5,942"
1463,,,,,,,,
1464,,,,,,,,
1465,,,,,,,,
1466,,,,,,,,
1467,,,,,,,,
1468,,,,,,,,
1469,,,,,,,,
1470,,,,,,,,
1471,,,,,,,,
1472,,,,,,,,
1473,,,,,,,,
1474,,,,,,,,
1475,,,,,,,,
1476,,,,,,,,
1477,,,,,,,,
1478,,,,,,,,
1479,,,,,,,,
1480,,,,,,,,
1481,,,,,,,,
1482,IndiGo,06:00,08:10,02 h 10 m,Mumbai,New Delhi,Non stop," 5,943"
1483,IndiGo,07:05,09:20,02 h 15 m,Mumbai,New Delhi,Non stop," 5,943"
1484,Spicejet,07:20,09:35,02 h 15 m,Mumbai,New Delhi,Non stop," 5,943"
1485,Air India,08:00,10:15,02 h 15 m,Mumbai,New Delhi,Non stop," 5,943"
1486,IndiGo,08:30,10:25,01 h 55 m,Mumbai,New Delhi,Non stop," 5,943"
1487,Spicejet,09:55,12:10,02 h 15 m,Mumbai,New Delhi,Non stop," 5,943"
1488,Air India,10:00,12:15,02 h 15 m,Mumbai,New Delhi,Non stop," 5,943"
1489,IndiGo,10:05,12:15,02 h 10 m,Mumbai,New Delhi,Non stop," 5,943"
1490,IndiGo,11:45,14:00,02 h 15 m,Mumbai,New Delhi,Non stop," 5,943"
1491,Air India,16:00,18:15,02 h 15 m,Mumbai,New Delhi,Non stop," 5,943"
1492,IndiGo,17:15,19:20,02 h 05 m,Mumbai,New Delhi,Non stop," 5,943"
1493,Air India,18:00,20:25,02 h 25 m,Mumbai,New Delhi,Non stop," 5,943"
1494,IndiGo,18:30,20:35,02 h 05 m,Mumbai,New Delhi,Non stop," 5,943"
1495,Air India,19:00,21:15,02 h 15 m,Mumbai,New Delhi,Non stop," 5,943"
1496,Spicejet,19:25,21:50,02 h 25 m,Mumbai,New Delhi,Non stop," 5,943"
1497,IndiGo,19:35,21:25,01 h 50 m,Mumbai,New Delhi,Non stop," 5,943"
1498,Air India,21:30,23:45,02 h 15 m,Mumbai,New Delhi,Non stop," 5,943"
1499,Spicejet,22:20,00:25,02 h 05 m,Mumbai,New Delhi,Non stop," 5,943"
1500,Spicejet,05:55,10:40,04 h 45 m,Mumbai,New Delhi,1 stop via Jaipur," 5,943"
1501,,,,,,,,
1502,,,,,,,,
1503,,,,,,,,
1504,,,,,,,,
1505,Vistara,06:00,08:05,02 h 05 m,Mumbai,New Delhi,Non stop," 5,944"
1506,Vistara,06:30,08:35,02 h 05 m,Mumbai,New Delhi,Non stop," 5,944"
1507,Vistara,08:45,11:00,02 h 15 m,Mumbai,New Delhi,Non stop," 5,944"
1508,Vistara,10:25,12:40,02 h 15 m,Mumbai,New Delhi,Non stop," 5,944"
1509,Vistara,12:25,14:30,02 h 05 m,Mumbai,New Delhi,Non stop," 5,944"
1510,Vistara,14:40,16:55,02 h 15 m,Mumbai,New Delhi,Non stop," 5,944"
1511,Vistara,15:45,18:05,02 h 20 m,Mumbai,New Delhi,Non stop," 5,944"
1512,Vistara,18:30,20:40,02 h 10 m,Mumbai,New Delhi,Non stop," 5,944"
1513,Vistara,19:45,21:55,02 h 10 m,Mumbai,New Delhi,Non stop," 5,944"
1514,Vistara,20:55,23:00,02 h 05 m,Mumbai,New Delhi,Non stop," 5,944"
1515,Vistara,22:45,00:55,02 h 10 m,Mumbai,New Delhi,Non stop," 5,944"
1516,Vistara,12:15,16:45,04 h 30 m,Mumbai,New Delhi,1 stop via Udaipur," 8,148"
1517,Vistara,12:10,16:20,04 h 10 m,Mumbai,New Delhi,1 stop via Dehradun," 9,136"
1518,Go First,06:00,08:10,02 h 10 m,Mumbai,New Delhi,Non stop," 5,942"
1519,Go First,08:20,10:30,02 h 10 m,Mumbai,New Delhi,Non stop," 5,942"
1520,Go First,09:55,12:10,02 h 15 m,Mumbai,New Delhi,Non stop," 5,942"
1521,Go First,13:30,15:45,02 h 15 m,Mumbai,New Delhi,Non stop," 5,942"
1522,Go First,18:00,20:10,02 h 10 m,Mumbai,New Delhi,Non stop," 5,942"
1523,Go First,20:15,22:25,02 h 10 m,Mumbai,New Delhi,Non stop," 5,942"
1524,Go First,21:15,23:30,02 h 15 m,Mumbai,New Delhi,Non stop," 5,942"
1525,Go First,23:45,02:00,02 h 15 m,Mumbai,New Delhi,Non stop," 5,942"
1526,IndiGo,06:05,10:25,04 h 20 m,Mumbai,New Delhi,1 stop via Udaipur," 5,942"
1527,,,,,,,,
1528,,,,,,,,
1529,,,,,,,,
1530,,,,,,,,
1531,,,,,,,,
1532,,,,,,,,
1533,,,,,,,,
1534,,,,,,,,
1535,,,,,,,,
1536,,,,,,,,
1537,,,,,,,,
1538,,,,,,,,
1539,,,,,,,,
1540,,,,,,,,
1541,,,,,,,,
1542,,,,,,,,
1543,,,,,,,,
1544,IndiGo,06:00,08:10,02 h 10 m,Mumbai,New Delhi,Non stop," 5,943"
1545,IndiGo,07:05,09:20,02 h 15 m,Mumbai,New Delhi,Non stop," 5,943"
1546,Spicejet,07:20,09:35,02 h 15 m,Mumbai,New Delhi,Non stop," 5,943"
1547,Air India,08:00,10:15,02 h 15 m,Mumbai,New Delhi,Non stop," 5,943"
1548,IndiGo,08:30,10:25,01 h 55 m,Mumbai,New Delhi,Non stop," 5,943"
1549,Spicejet,09:55,12:10,02 h 15 m,Mumbai,New Delhi,Non stop," 5,943"
1550,Air India,10:00,12:15,02 h 15 m,Mumbai,New Delhi,Non stop," 5,943"
1551,IndiGo,10:05,12:15,02 h 10 m,Mumbai,New Delhi,Non stop," 5,943"
1552,IndiGo,11:45,14:00,02 h 15 m,Mumbai,New Delhi,Non stop," 5,943"
1553,Air India,16:00,18:15,02 h 15 m,Mumbai,New Delhi,Non stop," 5,943"
1554,IndiGo,17:15,19:20,02 h 05 m,Mumbai,New Delhi,Non stop," 5,943"
1555,Air India,18:00,20:25,02 h 25 m,Mumbai,New Delhi,Non stop," 5,943"
1556,IndiGo,18:30,20:35,02 h 05 m,Mumbai,New Delhi,Non stop," 5,943"
1557,Spicejet,18:55,21:20,02 h 25 m,Mumbai,New Delhi,Non stop," 5,943"
1558,Air India,19:00,21:15,02 h 15 m,Mumbai,New Delhi,Non stop," 5,943"
1559,Spicejet,19:25,21:50,02 h 25 m,Mumbai,New Delhi,Non stop," 5,943"
1560,IndiGo,19:35,21:25,01 h 50 m,Mumbai,New Delhi,Non stop," 5,943"
1561,Air India,21:30,23:45,02 h 15 m,Mumbai,New Delhi,Non stop," 5,943"
1562,Spicejet,22:20,00:25,02 h 05 m,Mumbai,New Delhi,Non stop," 5,943"
1563,Spicejet,05:55,10:40,04 h 45 m,Mumbai,New Delhi,1 stop via Jaipur," 5,943"
1564,,,,,,,,
1565,,,,,,,,
1566,,,,,,,,
1567,,,,,,,,
1568,Vistara,06:30,08:35,02 h 05 m,Mumbai,New Delhi,Non stop," 5,944"
1569,Vistara,08:45,11:00,02 h 15 m,Mumbai,New Delhi,Non stop," 5,944"
1570,Vistara,10:25,12:40,02 h 15 m,Mumbai,New Delhi,Non stop," 5,944"
1571,Vistara,12:25,14:30,02 h 05 m,Mumbai,New Delhi,Non stop," 5,944"
1572,Vistara,14:40,16:55,02 h 15 m,Mumbai,New Delhi,Non stop," 5,944"
1573,Vistara,15:45,18:05,02 h 20 m,Mumbai,New Delhi,Non stop," 5,944"
1574,Vistara,18:30,20:40,02 h 10 m,Mumbai,New Delhi,Non stop," 5,944"
1575,Vistara,19:45,21:55,02 h 10 m,Mumbai,New Delhi,Non stop," 5,944"
1576,Vistara,20:55,23:00,02 h 05 m,Mumbai,New Delhi,Non stop," 5,944"
1577,Vistara,22:45,00:55,02 h 10 m,Mumbai,New Delhi,Non stop," 5,944"
1578,Go First,15:45,18:00,02 h 15 m,Mumbai,New Delhi,Non stop," 6,520"
1579,Vistara,12:15,16:45,04 h 30 m,Mumbai,New Delhi,1 stop via Udaipur," 8,201"
1580,,,,,,,,
1581,,,,,,,,
1582,,,,,,,,
1583,Go First,05:50,07:25,01 h 35 m,Pune,Bengaluru,Non stop," 5,432"
1584,Go First,12:05,13:35,01 h 30 m,Pune,Bengaluru,Non stop," 5,432"
1585,Go First,13:50,15:20,01 h 30 m,Pune,Bengaluru,Non stop," 5,432"
1586,Go First,15:00,16:30,01 h 30 m,Pune,Bengaluru,Non stop," 5,432"
1587,Spicejet,15:30,16:50,01 h 20 m,Pune,Bengaluru,Non stop," 5,432"
1588,Go First,22:50,00:05,01 h 15 m,Pune,Bengaluru,Non stop," 5,432"
1589,Go First,01:35,11:10,09 h 35 m,Pune,Bengaluru,1 stop via Kolkata," 5,432"
1590,,,,,,,,
1591,,,,,,,,
1592,,,,,,,,
1593,IndiGo,04:50,06:25,01 h 35 m,Pune,Bengaluru,Non stop," 5,433"
1594,IndiGo,07:20,08:55,01 h 35 m,Pune,Bengaluru,Non stop," 5,433"
1595,IndiGo,13:55,15:40,01 h 45 m,Pune,Bengaluru,Non stop," 5,433"
1596,IndiGo,19:15,20:50,01 h 35 m,Pune,Bengaluru,Non stop," 5,433"
1597,AirAsia,19:30,20:50,01 h 20 m,Pune,Bengaluru,Non stop," 5,434"
1598,IndiGo,15:35,20:45,05 h 10 m,Pune,Bengaluru,1 stop via Hyderabad," 6,347"
1599,,,,,,,,
1600,,,,,,,,
1601,,,,,,,,
1602,,,,,,,,
1603,,,,,,,,
1604,,,,,,,,
1605,Go First,05:50,07:25,01 h 35 m,Pune,Bengaluru,Non stop," 5,432"
1606,Go First,12:05,13:35,01 h 30 m,Pune,Bengaluru,Non stop," 5,432"
1607,Go First,13:50,15:20,01 h 30 m,Pune,Bengaluru,Non stop," 5,432"
1608,Go First,15:00,16:30,01 h 30 m,Pune,Bengaluru,Non stop," 5,432"
1609,Spicejet,15:30,16:50,01 h 20 m,Pune,Bengaluru,Non stop," 5,432"
1610,Go First,22:50,00:05,01 h 15 m,Pune,Bengaluru,Non stop," 5,432"
1611,Go First,01:05,10:25,09 h 20 m,Pune,Bengaluru,1 stop via Ahmedabad," 5,432"
1612,,,,,,,,
1613,,,,,,,,
1614,,,,,,,,
1615,,,,,,,,
1616,,,,,,,,
1617,IndiGo,01:00,02:35,01 h 35 m,Pune,Bengaluru,Non stop," 5,433"
1618,IndiGo,04:50,06:25,01 h 35 m,Pune,Bengaluru,Non stop," 5,433"
1619,IndiGo,07:20,08:55,01 h 35 m,Pune,Bengaluru,Non stop," 5,433"
1620,IndiGo,13:55,15:40,01 h 45 m,Pune,Bengaluru,Non stop," 5,433"
1621,IndiGo,19:15,20:50,01 h 35 m,Pune,Bengaluru,Non stop," 5,433"
1622,IndiGo,12:10,17:35,05 h 25 m,Pune,Bengaluru,1 stop via Chennai," 5,433"
1623,IndiGo,15:35,19:35,04 h,Pune,Bengaluru,1 stop via Hyderabad," 5,433"
1624,AirAsia,19:30,20:50,01 h 20 m,Pune,Bengaluru,Non stop," 5,434"
1625,IndiGo,02:45,12:30,09 h 45 m,Pune,Bengaluru,1 stop via Kochi," 6,347"
1626,,,,,,,,
1627,,,,,,,,
1628,,,,,,,,
1629,,,,,,,,
1630,,,,,,,,
1631,,,,,,,,
1632,,,,,,,,
1633,,,,,,,,
1634,,,,,,,,
1635,,,,,,,,
1636,Go First,05:50,07:25,01 h 35 m,Pune,Bengaluru,Non stop," 5,432"
1637,Go First,12:05,13:35,01 h 30 m,Pune,Bengaluru,Non stop," 5,432"
1638,Go First,13:50,15:20,01 h 30 m,Pune,Bengaluru,Non stop," 5,432"
1639,Go First,15:00,16:30,01 h 30 m,Pune,Bengaluru,Non stop," 5,432"
1640,Spicejet,15:30,16:50,01 h 20 m,Pune,Bengaluru,Non stop," 5,432"
1641,Go First,22:50,00:05,01 h 15 m,Pune,Bengaluru,Non stop," 5,432"
1642,Go First,01:05,10:25,09 h 20 m,Pune,Bengaluru,1 stop via Ahmedabad," 5,432"
1643,,,,,,,,
1644,,,,,,,,
1645,,,,,,,,
1646,,,,,,,,
1647,,,,,,,,
1648,IndiGo,04:50,06:25,01 h 35 m,Pune,Bengaluru,Non stop," 5,433"
1649,IndiGo,07:20,08:55,01 h 35 m,Pune,Bengaluru,Non stop," 5,433"
1650,IndiGo,13:55,15:40,01 h 45 m,Pune,Bengaluru,Non stop," 5,433"
1651,IndiGo,15:35,19:35,04 h,Pune,Bengaluru,1 stop via Hyderabad," 5,433"
1652,AirAsia,19:30,20:50,01 h 20 m,Pune,Bengaluru,Non stop," 5,434"
1653,Spicejet,12:25,09:00,20 h 35 m,Pune,Bengaluru,1 stop via Goa," 5,538"
1654,,,,,,,,
1655,,,,,,,,
1656,,,,,,,,
1657,Go First,05:50,07:25,01 h 35 m,Pune,Bengaluru,Non stop," 5,432"
1658,Go First,12:05,13:35,01 h 30 m,Pune,Bengaluru,Non stop," 5,432"
1659,Go First,13:50,15:20,01 h 30 m,Pune,Bengaluru,Non stop," 5,432"
1660,Go First,15:00,16:30,01 h 30 m,Pune,Bengaluru,Non stop," 5,432"
1661,Spicejet,15:30,16:50,01 h 20 m,Pune,Bengaluru,Non stop," 5,432"
1662,Go First,22:50,00:05,01 h 15 m,Pune,Bengaluru,Non stop," 5,432"
1663,Go First,01:05,10:25,09 h 20 m,Pune,Bengaluru,1 stop via Ahmedabad," 5,432"
1664,,,,,,,,
1665,,,,,,,,
1666,,,,,,,,
1667,,,,,,,,
1668,,,,,,,,
1669,IndiGo,01:00,02:35,01 h 35 m,Pune,Bengaluru,Non stop," 5,433"
1670,IndiGo,04:50,06:25,01 h 35 m,Pune,Bengaluru,Non stop," 5,433"
1671,IndiGo,07:20,08:55,01 h 35 m,Pune,Bengaluru,Non stop," 5,433"
1672,IndiGo,13:55,15:40,01 h 45 m,Pune,Bengaluru,Non stop," 5,433"
1673,IndiGo,19:15,20:50,01 h 35 m,Pune,Bengaluru,Non stop," 5,433"
1674,IndiGo,22:20,23:55,01 h 35 m,Pune,Bengaluru,Non stop," 5,433"
1675,IndiGo,12:10,17:35,05 h 25 m,Pune,Bengaluru,1 stop via Chennai," 5,433"
1676,,,,,,,,
1677,,,,,,,,
1678,,,,,,,,
1679,AirAsia,19:30,20:50,01 h 20 m,Pune,Bengaluru,Non stop," 5,434"
1680,IndiGo,02:45,08:45,06 h,Pune,Bengaluru,1 stop via Kochi," 5,890"
1681,,,,,,,,
1682,,,,,,,,
1683,,,,,,,,
1684,Go First,05:50,07:25,01 h 35 m,Pune,Bengaluru,Non stop," 5,432"
1685,Go First,09:45,11:15,01 h 30 m,Pune,Bengaluru,Non stop," 5,432"
1686,Go First,22:50,00:05,01 h 15 m,Pune,Bengaluru,Non stop," 5,432"
1687,Go First,01:05,10:25,09 h 20 m,Pune,Bengaluru,1 stop via Ahmedabad," 5,432"
1688,Go First,01:35,11:10,09 h 35 m,Pune,Bengaluru,1 stop via Kolkata," 5,432"
1689,Go First,10:50,21:25,10 h 35 m,Pune,Bengaluru,1 stop via New Delhi," 5,432"
1690,Go First,22:30,08:40,10 h 10 m,Pune,Bengaluru,1 stop via New Delhi," 5,432"
1691,Go First,19:10,08:40,13 h 30 m,Pune,Bengaluru,1 stop via New Delhi," 5,432"
1692,IndiGo,01:00,02:35,01 h 35 m,Pune,Bengaluru,Non stop," 5,433"
1693,IndiGo,04:50,06:25,01 h 35 m,Pune,Bengaluru,Non stop," 5,433"
1694,IndiGo,07:20,08:55,01 h 35 m,Pune,Bengaluru,Non stop," 5,433"
1695,IndiGo,19:15,20:50,01 h 35 m,Pune,Bengaluru,Non stop," 5,433"
1696,IndiGo,22:20,23:55,01 h 35 m,Pune,Bengaluru,Non stop," 5,433"
1697,IndiGo,00:25,07:40,07 h 15 m,Pune,Bengaluru,1 stop via Goa," 5,433"
1698,IndiGo,10:40,17:35,06 h 55 m,Pune,Bengaluru,1 stop via Chennai," 5,433"
1699,IndiGo,23:35,08:15,08 h 40 m,Pune,Bengaluru,1 stop via Hyderabad," 5,433"
1700,AirAsia,19:30,20:50,01 h 20 m,Pune,Bengaluru,Non stop," 5,434"
1701,Vistara,08:40,17:00,08 h 20 m,Pune,Bengaluru,1 stop via New Delhi," 11,459"
1702,Vistara,20:20,11:50,15 h 30 m,Pune,Bengaluru,1 stop via New Delhi," 11,459"
1703,Air India,21:55,14:20,16 h 25 m,Pune,Bengaluru,"2 stop via New Delhi,Hyderabad"," 11,799"
1704,Air India,21:55,14:20,16 h 25 m,Pune,Bengaluru,"2 stop via New Delhi,Hyderabad"," 11,799"
1705,Air India,18:50,14:20,19 h 30 m,Pune,Bengaluru,"2 stop via New Delhi,Hyderabad"," 11,799"
1706,Air India,07:40,14:55,31 h 15 m,Pune,Bengaluru,"3 stop via New Delhi,Hyderabad,Kolhapur"," 11,799"
1707,Air India,21:55,08:55,11 h,Pune,Bengaluru,1 stop via New Delhi," 13,308"
1708,Air India,18:50,08:55,14 h 05 m,Pune,Bengaluru,1 stop via New Delhi," 13,308"
1709,Air India,07:40,16:15,08 h 35 m,Pune,Bengaluru,1 stop via New Delhi," 13,728"
1710,Go First,05:50,07:25,01 h 35 m,Pune,Bengaluru,Non stop," 5,432"
1711,Go First,12:05,13:35,01 h 30 m,Pune,Bengaluru,Non stop," 5,432"
1712,Go First,13:50,15:20,01 h 30 m,Pune,Bengaluru,Non stop," 5,432"
1713,Go First,15:00,16:30,01 h 30 m,Pune,Bengaluru,Non stop," 5,432"
1714,Spicejet,15:30,16:50,01 h 20 m,Pune,Bengaluru,Non stop," 5,432"
1715,Go First,22:50,00:05,01 h 15 m,Pune,Bengaluru,Non stop," 5,432"
1716,Go First,01:05,10:25,09 h 20 m,Pune,Bengaluru,1 stop via Ahmedabad," 5,432"
1717,,,,,,,,
1718,,,,,,,,
1719,,,,,,,,
1720,,,,,,,,
1721,IndiGo,01:00,02:35,01 h 35 m,Pune,Bengaluru,Non stop," 5,433"
1722,IndiGo,04:50,06:25,01 h 35 m,Pune,Bengaluru,Non stop," 5,433"
1723,IndiGo,07:20,08:55,01 h 35 m,Pune,Bengaluru,Non stop," 5,433"
1724,IndiGo,13:55,15:40,01 h 45 m,Pune,Bengaluru,Non stop," 5,433"
1725,IndiGo,19:15,20:50,01 h 35 m,Pune,Bengaluru,Non stop," 5,433"
1726,IndiGo,22:20,23:55,01 h 35 m,Pune,Bengaluru,Non stop," 5,433"
1727,IndiGo,00:25,09:15,08 h 50 m,Pune,Bengaluru,1 stop via Goa," 5,433"
1728,,,,,,,,
1729,,,,,,,,
1730,,,,,,,,
1731,,,,,,,,
1732,AirAsia,19:30,20:50,01 h 20 m,Pune,Bengaluru,Non stop," 5,434"
1733,IndiGo,02:45,08:45,06 h,Pune,Bengaluru,1 stop via Kochi," 5,890"
1734,,,,,,,,
1735,,,,,,,,
1736,,,,,,,,
1737,IndiGo,10:15,11:45,01 h 30 m,New Delhi,Indore,Non stop," 5,115"
1738,IndiGo,14:05,15:35,01 h 30 m,New Delhi,Indore,Non stop," 5,115"
1739,Air India,14:45,15:55,01 h 10 m,New Delhi,Indore,Non stop," 5,115"
1740,IndiGo,18:00,19:20,01 h 20 m,New Delhi,Indore,Non stop," 5,115"
1741,Vistara,18:30,19:55,01 h 25 m,New Delhi,Indore,Non stop," 5,116"
1742,IndiGo,10:30,18:40,08 h 10 m,New Delhi,Indore,1 stop via Jodhpur," 5,168"
1743,,,,,,,,
1744,,,,,,,,
1745,,,,,,,,
1746,,,,,,,,
1747,,,,,,,,
1748,,,,,,,,
1749,,,,,,,,
1750,,,,,,,,
1751,,,,,,,,
1752,IndiGo,10:15,11:45,01 h 30 m,New Delhi,Indore,Non stop," 5,115"
1753,IndiGo,14:05,15:35,01 h 30 m,New Delhi,Indore,Non stop," 5,115"
1754,Air India,14:45,15:55,01 h 10 m,New Delhi,Indore,Non stop," 5,115"
1755,IndiGo,18:00,19:20,01 h 20 m,New Delhi,Indore,Non stop," 5,115"
1756,Vistara,18:30,19:55,01 h 25 m,New Delhi,Indore,Non stop," 5,116"
1757,IndiGo,22:15,06:40,08 h 25 m,New Delhi,Indore,1 stop via Ahmedabad," 8,423"
1758,,,,,,,,
1759,,,,,,,,
1760,,,,,,,,
1761,,,,,,,,
1762,,,,,,,,
1763,,,,,,,,
1764,,,,,,,,
1765,,,,,,,,
1766,,,,,,,,
1767,IndiGo,10:15,11:45,01 h 30 m,New Delhi,Indore,Non stop," 5,115"
1768,Air India,14:45,15:55,01 h 10 m,New Delhi,Indore,Non stop," 5,115"
1769,IndiGo,18:00,19:20,01 h 20 m,New Delhi,Indore,Non stop," 5,115"
1770,Vistara,18:30,19:55,01 h 25 m,New Delhi,Indore,Non stop," 5,116"
1771,IndiGo,10:30,18:40,08 h 10 m,New Delhi,Indore,1 stop via Jodhpur," 5,168"
1772,,,,,,,,
1773,,,,,,,,
1774,,,,,,,,
1775,,,,,,,,
1776,,,,,,,,
1777,,,,,,,,
1778,,,,,,,,
1779,,,,,,,,
1780,,,,,,,,
1781,IndiGo,10:15,11:45,01 h 30 m,New Delhi,Indore,Non stop," 5,115"
1782,IndiGo,14:05,15:35,01 h 30 m,New Delhi,Indore,Non stop," 5,115"
1783,Air India,14:45,15:55,01 h 10 m,New Delhi,Indore,Non stop," 5,115"
1784,IndiGo,18:00,19:20,01 h 20 m,New Delhi,Indore,Non stop," 5,115"
1785,Vistara,18:30,19:55,01 h 25 m,New Delhi,Indore,Non stop," 5,116"
1786,IndiGo,22:15,06:40,08 h 25 m,New Delhi,Indore,1 stop via Ahmedabad," 8,423"
1787,,,,,,,,
1788,,,,,,,,
1789,,,,,,,,
1790,,,,,,,,
1791,,,,,,,,
1792,,,,,,,,
1793,,,,,,,,
1794,,,,,,,,
1795,,,,,,,,
1796,IndiGo,10:15,11:45,01 h 30 m,New Delhi,Indore,Non stop," 5,115"
1797,IndiGo,14:05,15:35,01 h 30 m,New Delhi,Indore,Non stop," 5,115"
1798,Air India,14:45,15:55,01 h 10 m,New Delhi,Indore,Non stop," 5,115"
1799,IndiGo,18:00,19:20,01 h 20 m,New Delhi,Indore,Non stop," 5,115"
1800,Vistara,18:30,19:55,01 h 25 m,New Delhi,Indore,Non stop," 5,116"
1801,IndiGo,12:45,18:40,05 h 55 m,New Delhi,Indore,1 stop via Jodhpur," 5,168"
1802,,,,,,,,
1803,,,,,,,,
1804,,,,,,,,
1805,,,,,,,,
1806,,,,,,,,
1807,,,,,,,,
1808,,,,,,,,
1809,,,,,,,,
1810,,,,,,,,
1811,,,,,,,,
1812,IndiGo,10:15,11:45,01 h 30 m,New Delhi,Indore,Non stop," 5,115"
1813,IndiGo,14:05,15:35,01 h 30 m,New Delhi,Indore,Non stop," 5,115"
1814,Air India,14:45,15:55,01 h 10 m,New Delhi,Indore,Non stop," 5,115"
1815,IndiGo,18:00,19:20,01 h 20 m,New Delhi,Indore,Non stop," 5,115"
1816,Vistara,05:55,07:30,01 h 35 m,New Delhi,Indore,Non stop," 5,116"
1817,Vistara,18:30,19:55,01 h 25 m,New Delhi,Indore,Non stop," 5,116"
1818,IndiGo,09:35,18:40,09 h 05 m,New Delhi,Indore,1 stop via Jodhpur," 5,168"
1819,,,,,,,,
1820,,,,,,,,
1821,,,,,,,,
1822,,,,,,,,
1823,,,,,,,,
1824,,,,,,,,
1825,,,,,,,,
1826,,,,,,,,
1827,,,,,,,,
1828,,,,,,,,
